date,AGG
2010-01-04 00:00:00+00:00,78.4188358216
2010-01-05 00:00:00+00:00,78.7755956012
2010-01-06 00:00:00+00:00,78.7300517996
2010-01-07 00:00:00+00:00,78.63896419619999
2010-01-08 00:00:00+00:00,78.6845079979
2010-01-11 00:00:00+00:00,78.623782929
2010-01-12 00:00:00+00:00,79.12476474729999
2010-01-13 00:00:00+00:00,78.7907768684
2010-01-14 00:00:00+00:00,78.9957239759
2010-01-15 00:00:00+00:00,79.144120863
2010-01-19 00:00:00+00:00,79.0184958767
2010-01-20 00:00:00+00:00,79.2234429842
2010-01-21 00:00:00+00:00,79.246214885
2010-01-22 00:00:00+00:00,79.2917586867
2010-01-25 00:00:00+00:00,79.2841680531
2010-01-26 00:00:00+00:00,79.38284629
2010-01-27 00:00:00+00:00,79.32212122109999
2010-01-28 00:00:00+00:00,79.2538055186
2010-01-29 00:00:00+00:00,79.2538055186
2010-02-01 00:00:00+00:00,79.3275333429
2010-02-02 00:00:00+00:00,79.4189069655
2010-02-03 00:00:00+00:00,79.274232063
2010-02-04 00:00:00+00:00,79.4645937767
2010-02-05 00:00:00+00:00,79.4950516509
2010-02-08 00:00:00+00:00,79.64734102189999
2010-02-09 00:00:00+00:00,79.50266611949999
2010-02-10 00:00:00+00:00,79.3199188743
2010-02-11 00:00:00+00:00,79.1889500153
2010-02-12 00:00:00+00:00,79.2057018461
2010-02-16 00:00:00+00:00,79.4036780284
2010-02-17 00:00:00+00:00,79.1600150348
2010-02-18 00:00:00+00:00,79.1295571606
2010-02-19 00:00:00+00:00,79.190472909
2010-02-22 00:00:00+00:00,79.0534124751
2010-02-23 00:00:00+00:00,79.3351478114
2010-02-24 00:00:00+00:00,79.4189069655
2010-02-25 00:00:00+00:00,79.578810805
2010-02-26 00:00:00+00:00,79.578810805
2010-03-01 00:00:00+00:00,79.7105578627
2010-03-02 00:00:00+00:00,79.7411100121
2010-03-03 00:00:00+00:00,79.7411100121
2010-03-04 00:00:00+00:00,79.8862327219
2010-03-05 00:00:00+00:00,79.7334719748
2010-03-08 00:00:00+00:00,79.7869382363
2010-03-09 00:00:00+00:00,79.8785946846
2010-03-10 00:00:00+00:00,79.8251284231
2010-03-11 00:00:00+00:00,79.8251284231
2010-03-12 00:00:00+00:00,79.8289474418
2010-03-15 00:00:00+00:00,79.9320609461
2010-03-16 00:00:00+00:00,80.0771836559
2010-03-17 00:00:00+00:00,80.1382879547
2010-03-18 00:00:00+00:00,80.0695456185
2010-03-19 00:00:00+00:00,80.0084413197
2010-03-22 00:00:00+00:00,80.0695456185
2010-03-23 00:00:00+00:00,80.0848216932
2010-03-24 00:00:00+00:00,79.6800057133
2010-03-25 00:00:00+00:00,79.4737787046
2010-03-26 00:00:00+00:00,79.6036253397
2010-03-29 00:00:00+00:00,79.5119688914
2010-03-30 00:00:00+00:00,79.5425210408
2010-03-31 00:00:00+00:00,79.5425210408
2010-04-01 00:00:00+00:00,79.55858383340001
2010-04-05 00:00:00+00:00,79.0674720052
2010-04-06 00:00:00+00:00,79.1678396331
2010-04-07 00:00:00+00:00,79.50495227649999
2010-04-08 00:00:00+00:00,79.4283357667
2010-04-09 00:00:00+00:00,79.5126139275
2010-04-12 00:00:00+00:00,79.69649355109999
2010-04-13 00:00:00+00:00,79.8267416179
2010-04-14 00:00:00+00:00,79.7348018061
2010-04-15 00:00:00+00:00,79.8803731748
2010-04-16 00:00:00+00:00,80.0029595906
2010-04-19 00:00:00+00:00,79.85738822180001
2010-04-20 00:00:00+00:00,79.9876362886
2010-04-21 00:00:00+00:00,80.1255460063
2010-04-22 00:00:00+00:00,79.96465133560001
2010-04-23 00:00:00+00:00,79.8650498728
2010-04-26 00:00:00+00:00,79.85738822180001
2010-04-27 00:00:00+00:00,80.1102227044
2010-04-28 00:00:00+00:00,79.9876362886
2010-04-29 00:00:00+00:00,80.0182828925
2010-04-30 00:00:00+00:00,80.0182828925
2010-05-03 00:00:00+00:00,80.2110170862
2010-05-04 00:00:00+00:00,80.5337669155
2010-05-05 00:00:00+00:00,80.4722907575
2010-05-06 00:00:00+00:00,80.58755855369999
2010-05-07 00:00:00+00:00,80.2340706455
2010-05-10 00:00:00+00:00,80.2263861257
2010-05-11 00:00:00+00:00,80.5260823957
2010-05-12 00:00:00+00:00,80.44155267859999
2010-05-13 00:00:00+00:00,80.5568204747
2010-05-14 00:00:00+00:00,80.848832225
2010-05-17 00:00:00+00:00,80.787356067
2010-05-18 00:00:00+00:00,81.0639987778
2010-05-19 00:00:00+00:00,81.10242137649999
2010-05-20 00:00:00+00:00,81.0332606988
2010-05-21 00:00:00+00:00,81.3790640873
2010-05-24 00:00:00+00:00,81.3329569688
2010-05-25 00:00:00+00:00,81.4328557255
2010-05-26 00:00:00+00:00,81.3406414886
2010-05-27 00:00:00+00:00,81.148528495
2010-05-28 00:00:00+00:00,81.2330582122
2010-06-01 00:00:00+00:00,81.3664645487
2010-06-02 00:00:00+00:00,81.2816756978
2010-06-03 00:00:00+00:00,81.24313531109999
2010-06-04 00:00:00+00:00,81.4512533996
2010-06-07 00:00:00+00:00,81.6902037976
2010-06-08 00:00:00+00:00,81.5977068693
2010-06-09 00:00:00+00:00,81.6439553335
2010-06-10 00:00:00+00:00,81.3972968581
2010-06-11 00:00:00+00:00,81.4435453223
2010-06-14 00:00:00+00:00,81.5591664826
2010-06-15 00:00:00+00:00,81.5591664826
2010-06-16 00:00:00+00:00,81.6809541048
2010-06-17 00:00:00+00:00,81.87519765409999
2010-06-18 00:00:00+00:00,81.74416033909999
2010-06-21 00:00:00+00:00,81.9214461182
2010-06-22 00:00:00+00:00,82.00623496909999
2010-06-23 00:00:00+00:00,82.21435305770001
2010-06-24 00:00:00+00:00,82.14498036149999
2010-06-25 00:00:00+00:00,82.2606015218
2010-06-28 00:00:00+00:00,82.4147630689
2010-06-29 00:00:00+00:00,82.6614215442
2010-06-30 00:00:00+00:00,82.66912962159999
2010-07-01 00:00:00+00:00,82.6263120227
2010-07-02 00:00:00+00:00,82.510350694
2010-07-06 00:00:00+00:00,82.765465617
2010-07-07 00:00:00+00:00,82.6572350436
2010-07-08 00:00:00+00:00,82.64177353310001
2010-07-09 00:00:00+00:00,82.5180814493
2010-07-12 00:00:00+00:00,82.6108505122
2010-07-13 00:00:00+00:00,82.40212012069999
2010-07-14 00:00:00+00:00,82.6804273093
2010-07-15 00:00:00+00:00,82.796388638
2010-07-16 00:00:00+00:00,83.0515035609
2010-07-19 00:00:00+00:00,82.9741960085
2010-07-20 00:00:00+00:00,82.9123499666
2010-07-21 00:00:00+00:00,83.275695463
2010-07-22 00:00:00+00:00,83.1983879105
2010-07-23 00:00:00+00:00,83.0515035609
2010-07-26 00:00:00+00:00,83.0360420505
2010-07-27 00:00:00+00:00,83.0051190295
2010-07-28 00:00:00+00:00,83.15973413430001
2010-07-29 00:00:00+00:00,83.2370416867
2010-07-30 00:00:00+00:00,83.3761952811
2010-08-02 00:00:00+00:00,83.2629474476
2010-08-03 00:00:00+00:00,83.3172106104
2010-08-04 00:00:00+00:00,83.1699248827
2010-08-05 00:00:00+00:00,83.270699328
2010-08-06 00:00:00+00:00,83.4334888165
2010-08-09 00:00:00+00:00,83.4334888165
2010-08-10 00:00:00+00:00,83.5730226638
2010-08-11 00:00:00+00:00,83.6505414679
2010-08-12 00:00:00+00:00,83.518759501
2010-08-13 00:00:00+00:00,83.71255651109999
2010-08-16 00:00:00+00:00,83.9916242058
2010-08-17 00:00:00+00:00,83.8908497605
2010-08-18 00:00:00+00:00,83.79782719560001
2010-08-19 00:00:00+00:00,84.0691430099
2010-08-20 00:00:00+00:00,83.9528648038
2010-08-23 00:00:00+00:00,84.0381354882
2010-08-24 00:00:00+00:00,84.3714663457
2010-08-25 00:00:00+00:00,84.1776693355
2010-08-26 00:00:00+00:00,84.2861956612
2010-08-27 00:00:00+00:00,83.8210828368
2010-08-30 00:00:00+00:00,84.3869701065
2010-08-31 00:00:00+00:00,84.4489851498
2010-09-01 00:00:00+00:00,84.2695143898
2010-09-02 00:00:00+00:00,84.16068926279999
2010-09-03 00:00:00+00:00,83.966358679
2010-09-07 00:00:00+00:00,84.20732860300001
2010-09-08 00:00:00+00:00,84.14514281609999
2010-09-09 00:00:00+00:00,83.7409352017
2010-09-10 00:00:00+00:00,83.5621510645
2010-09-13 00:00:00+00:00,83.748708425
2010-09-14 00:00:00+00:00,84.0518641359
2010-09-15 00:00:00+00:00,83.8963996688
2010-09-16 00:00:00+00:00,83.7564816484
2010-09-17 00:00:00+00:00,83.8653067753
2010-09-20 00:00:00+00:00,83.8963996688
2010-09-21 00:00:00+00:00,84.25396794310001
2010-09-22 00:00:00+00:00,84.2772876131
2010-09-23 00:00:00+00:00,84.3705662934
2010-09-24 00:00:00+00:00,84.0596373592
2010-09-27 00:00:00+00:00,84.3472466233
2010-09-28 00:00:00+00:00,84.5493504306
2010-09-29 00:00:00+00:00,84.4871646437
2010-09-30 00:00:00+00:00,84.4560717503
2010-10-01 00:00:00+00:00,84.35852090649999
2010-10-04 00:00:00+00:00,84.4987807787
2010-10-05 00:00:00+00:00,84.4987807787
2010-10-06 00:00:00+00:00,84.584495145
2010-10-07 00:00:00+00:00,84.6234562206
2010-10-08 00:00:00+00:00,84.7948849533
2010-10-11 00:00:00+00:00,84.7481316626
2010-10-12 00:00:00+00:00,84.6624172962
2010-10-13 00:00:00+00:00,84.6546250811
2010-10-14 00:00:00+00:00,84.3429364762
2010-10-15 00:00:00+00:00,84.1715077436
2010-10-18 00:00:00+00:00,84.46761191819999
2010-10-19 00:00:00+00:00,84.53774185430001
2010-10-20 00:00:00+00:00,84.6390406509
2010-10-21 00:00:00+00:00,84.5065729938
2010-10-22 00:00:00+00:00,84.54553406939999
2010-10-25 00:00:00+00:00,84.5533262845
2010-10-26 00:00:00+00:00,84.35852090649999
2010-10-27 00:00:00+00:00,84.19488438890001
2010-10-28 00:00:00+00:00,84.4052741972
2010-10-29 00:00:00+00:00,84.584495145
2010-11-01 00:00:00+00:00,84.54986732020001
2010-11-02 00:00:00+00:00,84.6982963583
2010-11-03 00:00:00+00:00,84.68267224899999
2010-11-04 00:00:00+00:00,85.0888990901
2010-11-05 00:00:00+00:00,84.854537451
2010-11-08 00:00:00+00:00,84.81547717779999
2010-11-09 00:00:00+00:00,84.4014382822
2010-11-10 00:00:00+00:00,84.3311297904
2010-11-11 00:00:00+00:00,84.3233177358
2010-11-12 00:00:00+00:00,83.9873993865
2010-11-15 00:00:00+00:00,83.526488163
2010-11-16 00:00:00+00:00,83.7296015835
2010-11-17 00:00:00+00:00,83.7530377474
2010-11-18 00:00:00+00:00,83.7296015835
2010-11-19 00:00:00+00:00,83.8233462391
2010-11-22 00:00:00+00:00,84.02645965970001
2010-11-23 00:00:00+00:00,84.11239226069999
2010-11-24 00:00:00+00:00,83.7061654196
2010-11-26 00:00:00+00:00,83.8780306216
2010-11-29 00:00:00+00:00,83.932715004
2010-11-30 00:00:00+00:00,83.932715004
2010-12-01 00:00:00+00:00,83.4427890284
2010-12-02 00:00:00+00:00,83.2778823307
2010-12-03 00:00:00+00:00,83.4427890284
2010-12-06 00:00:00+00:00,83.7490443241
2010-12-07 00:00:00+00:00,83.0972702333
2010-12-08 00:00:00+00:00,82.69678253890001
2010-12-09 00:00:00+00:00,82.8459838368
2010-12-10 00:00:00+00:00,82.688929839
2010-12-13 00:00:00+00:00,82.7438987382
2010-12-14 00:00:00+00:00,82.2821599847
2010-12-15 00:00:00+00:00,82.1392408467
2010-12-16 00:00:00+00:00,82.2962948445
2010-12-17 00:00:00+00:00,82.7438987382
2010-12-20 00:00:00+00:00,82.7988676375
2010-12-21 00:00:00+00:00,82.9559216353
2010-12-22 00:00:00+00:00,82.8597260616
2010-12-23 00:00:00+00:00,82.7046352388
2010-12-27 00:00:00+00:00,82.9402162355
2010-12-28 00:00:00+00:00,82.4564278859
2010-12-29 00:00:00+00:00,83.03943721739999
2010-12-30 00:00:00+00:00,82.9764091816
2010-12-31 00:00:00+00:00,83.3151848742
2011-01-03 00:00:00+00:00,83.2206428205
2011-01-04 00:00:00+00:00,83.2442783339
2011-01-05 00:00:00+00:00,82.8424746054
2011-01-06 00:00:00+00:00,82.8582316144
2011-01-07 00:00:00+00:00,83.1261007667
2011-01-10 00:00:00+00:00,83.3466988922
2011-01-11 00:00:00+00:00,83.18125029810001
2011-01-12 00:00:00+00:00,83.1733717936
2011-01-13 00:00:00+00:00,83.4727549638
2011-01-14 00:00:00+00:00,83.2994278653
2011-01-18 00:00:00+00:00,83.2442783339
2011-01-19 00:00:00+00:00,83.2600353429
2011-01-20 00:00:00+00:00,82.9448951637
2011-01-21 00:00:00+00:00,83.20488581149999
2011-01-24 00:00:00+00:00,83.1576147846
2011-01-25 00:00:00+00:00,83.4176054325
2011-01-26 00:00:00+00:00,83.1418577757
2011-01-27 00:00:00+00:00,83.2836708563
2011-01-28 00:00:00+00:00,83.4018484235
2011-01-31 00:00:00+00:00,83.2442783339
2011-02-01 00:00:00+00:00,83.0679156476
2011-02-02 00:00:00+00:00,82.9730892599
2011-02-03 00:00:00+00:00,82.66490349979999
2011-02-04 00:00:00+00:00,82.3883265356
2011-02-07 00:00:00+00:00,82.4199353315
2011-02-08 00:00:00+00:00,82.1828693621
2011-02-09 00:00:00+00:00,82.3330111427
2011-02-10 00:00:00+00:00,82.0959451734
2011-02-11 00:00:00+00:00,82.4199353315
2011-02-14 00:00:00+00:00,82.4594463263
2011-02-15 00:00:00+00:00,82.56217491310001
2011-02-16 00:00:00+00:00,82.56217491310001
2011-02-17 00:00:00+00:00,82.7597298875
2011-02-18 00:00:00+00:00,82.7281210916
2011-02-22 00:00:00+00:00,83.0284046527
2011-02-23 00:00:00+00:00,83.0916222445
2011-02-24 00:00:00+00:00,83.1074266425
2011-02-25 00:00:00+00:00,83.3286882138
2011-02-28 00:00:00+00:00,83.4867321934
2011-03-01 00:00:00+00:00,83.4195397955
2011-03-02 00:00:00+00:00,83.2848387909
2011-03-03 00:00:00+00:00,82.9916660161
2011-03-04 00:00:00+00:00,83.2135264943
2011-03-07 00:00:00+00:00,83.2531444368
2011-03-08 00:00:00+00:00,83.1897557288
2011-03-09 00:00:00+00:00,83.3878454414
2011-03-10 00:00:00+00:00,83.6810182162
2011-03-11 00:00:00+00:00,83.6968653932
2011-03-14 00:00:00+00:00,83.7444069242
2011-03-15 00:00:00+00:00,83.7761012783
2011-03-16 00:00:00+00:00,84.0138089335
2011-03-17 00:00:00+00:00,83.9583438139
2011-03-18 00:00:00+00:00,83.92664945989999
2011-03-21 00:00:00+00:00,83.72855974720001
2011-03-22 00:00:00+00:00,83.7364833357
2011-03-23 00:00:00+00:00,83.6968653932
2011-03-24 00:00:00+00:00,83.4670813265
2011-03-25 00:00:00+00:00,83.39576903
2011-03-28 00:00:00+00:00,83.3561510874
2011-03-29 00:00:00+00:00,83.2531444368
2011-03-30 00:00:00+00:00,83.39576903
2011-03-31 00:00:00+00:00,83.3006859679
2011-04-01 00:00:00+00:00,83.4142515925
2011-04-04 00:00:00+00:00,83.5493547058
2011-04-05 00:00:00+00:00,83.37451538270001
2011-04-06 00:00:00+00:00,83.128150882
2011-04-07 00:00:00+00:00,83.2553067533
2011-04-08 00:00:00+00:00,83.0963619142
2011-04-11 00:00:00+00:00,83.1758343338
2011-04-12 00:00:00+00:00,83.4937240121
2011-04-13 00:00:00+00:00,83.5811436736
2011-04-14 00:00:00+00:00,83.501671254
2011-04-15 00:00:00+00:00,83.80366644850001
2011-04-18 00:00:00+00:00,83.9467168037
2011-04-19 00:00:00+00:00,84.1136088848
2011-04-20 00:00:00+00:00,83.9944002554
2011-04-21 00:00:00+00:00,84.0500309492
2011-04-25 00:00:00+00:00,84.0977144009
2011-04-26 00:00:00+00:00,84.4076568373
2011-04-27 00:00:00+00:00,84.3361316596
2011-04-28 00:00:00+00:00,84.5348127086
2011-04-29 00:00:00+00:00,84.6063378862
2011-05-02 00:00:00+00:00,84.6509163505
2011-05-03 00:00:00+00:00,84.6748290388
2011-05-04 00:00:00+00:00,84.83424696029999
2011-05-05 00:00:00+00:00,85.0255484662
2011-05-06 00:00:00+00:00,85.0175775701
2011-05-09 00:00:00+00:00,85.1132283231
2011-05-10 00:00:00+00:00,84.9617812976
2011-05-11 00:00:00+00:00,85.1132283231
2011-05-12 00:00:00+00:00,84.9856939858
2011-05-13 00:00:00+00:00,85.1211992192
2011-05-16 00:00:00+00:00,85.3045298289
2011-05-17 00:00:00+00:00,85.4001805819
2011-05-18 00:00:00+00:00,85.2646753486
2011-05-19 00:00:00+00:00,85.2009081799
2011-05-20 00:00:00+00:00,85.2806171407
2011-05-23 00:00:00+00:00,85.3523552054
2011-05-24 00:00:00+00:00,85.3842387897
2011-05-25 00:00:00+00:00,85.3682969976
2011-05-26 00:00:00+00:00,85.5516276074
2011-05-27 00:00:00+00:00,85.6313365682
2011-05-31 00:00:00+00:00,85.6552492564
2011-06-01 00:00:00+00:00,86.0240697917
2011-06-02 00:00:00+00:00,85.6803252512
2011-06-03 00:00:00+00:00,85.79224207829999
2011-06-06 00:00:00+00:00,85.80823019649999
2011-06-07 00:00:00+00:00,85.98409949629999
2011-06-08 00:00:00+00:00,86.0560460281
2011-06-09 00:00:00+00:00,85.92814108270001
2011-06-10 00:00:00+00:00,85.92014702370001
2011-06-13 00:00:00+00:00,85.80823019649999
2011-06-14 00:00:00+00:00,85.5764024831
2011-06-15 00:00:00+00:00,85.79224207829999
2011-06-16 00:00:00+00:00,85.8482004919
2011-06-17 00:00:00+00:00,85.92806114209999
2011-06-20 00:00:00+00:00,85.8162242556
2011-06-21 00:00:00+00:00,85.8961648464
2011-06-22 00:00:00+00:00,85.8402064328
2011-06-23 00:00:00+00:00,86.11999850069999
2011-06-24 00:00:00+00:00,86.0400579099
2011-06-27 00:00:00+00:00,85.8881707873
2011-06-28 00:00:00+00:00,85.5444262468
2011-06-29 00:00:00+00:00,85.2886163561
2011-06-30 00:00:00+00:00,85.2726282379
2011-07-01 00:00:00+00:00,85.29944510850001
2011-07-05 00:00:00+00:00,85.62813657939999
2011-07-06 00:00:00+00:00,85.6762377702
2011-07-07 00:00:00+00:00,85.4357318159
2011-07-08 00:00:00+00:00,85.8766593987
2011-07-11 00:00:00+00:00,86.10914848790001
2011-07-12 00:00:00+00:00,86.1813002741
2011-07-13 00:00:00+00:00,86.34965444209999
2011-07-14 00:00:00+00:00,86.1331990833
2011-07-15 00:00:00+00:00,86.25345206040001
2011-07-18 00:00:00+00:00,86.1251822181
2011-07-19 00:00:00+00:00,86.3095701164
2011-07-20 00:00:00+00:00,86.17328340899999
2011-07-21 00:00:00+00:00,86.0369967016
2011-07-22 00:00:00+00:00,86.22138459979999
2011-07-25 00:00:00+00:00,85.97286178040001
2011-07-26 00:00:00+00:00,86.17328340899999
2011-07-27 00:00:00+00:00,86.0289798364
2011-07-28 00:00:00+00:00,86.1973340044
2011-07-29 00:00:00+00:00,86.7104133735
2011-08-01 00:00:00+00:00,86.9168292121
2011-08-02 00:00:00+00:00,87.2886379712
2011-08-03 00:00:00+00:00,87.3770681625
2011-08-04 00:00:00+00:00,87.8433364442
2011-08-05 00:00:00+00:00,87.26452064629999
2011-08-08 00:00:00+00:00,87.30471618780001
2011-08-09 00:00:00+00:00,87.8192191193
2011-08-10 00:00:00+00:00,88.5346997584
2011-08-11 00:00:00+00:00,87.4333419207
2011-08-12 00:00:00+00:00,87.8192191193
2011-08-15 00:00:00+00:00,87.95588396049999
2011-08-16 00:00:00+00:00,88.1407834515
2011-08-17 00:00:00+00:00,88.285487401
2011-08-18 00:00:00+00:00,88.41411313379999
2011-08-19 00:00:00+00:00,88.45430867540001
2011-08-22 00:00:00+00:00,88.3417611591
2011-08-23 00:00:00+00:00,88.1327443432
2011-08-24 00:00:00+00:00,87.6343196283
2011-08-25 00:00:00+00:00,87.811180011
2011-08-26 00:00:00+00:00,87.9317666356
2011-08-29 00:00:00+00:00,87.8352973359
2011-08-30 00:00:00+00:00,88.1086270183
2011-08-31 00:00:00+00:00,88.0282359352
2011-09-01 00:00:00+00:00,88.31128489950001
2011-09-02 00:00:00+00:00,88.57713715290001
2011-09-06 00:00:00+00:00,88.8107648907
2011-09-07 00:00:00+00:00,88.60130553959999
2011-09-08 00:00:00+00:00,88.6254739262
2011-09-09 00:00:00+00:00,88.74631585959999
2011-09-12 00:00:00+00:00,88.569081024
2011-09-13 00:00:00+00:00,88.60130553959999
2011-09-14 00:00:00+00:00,88.6174177974
2011-09-15 00:00:00+00:00,88.3596216729
2011-09-16 00:00:00+00:00,88.4885197351
2011-09-19 00:00:00+00:00,88.6818668285
2011-09-20 00:00:00+00:00,88.8591016641
2011-09-21 00:00:00+00:00,89.00411198409999
2011-09-22 00:00:00+00:00,89.26190810860001
2011-09-23 00:00:00+00:00,88.8027087618
2011-09-26 00:00:00+00:00,88.60130553959999
2011-09-27 00:00:00+00:00,88.4804636062
2011-09-28 00:00:00+00:00,88.40795844620001
2011-09-29 00:00:00+00:00,88.37573393059999
2011-09-30 00:00:00+00:00,88.7060352151
2011-10-03 00:00:00+00:00,89.0680832868
2011-10-04 00:00:00+00:00,88.79363024780001
2011-10-05 00:00:00+00:00,88.4949607643
2011-10-06 00:00:00+00:00,88.3496620966
2011-10-07 00:00:00+00:00,88.17207483610001
2011-10-10 00:00:00+00:00,87.99448757559999
2011-10-11 00:00:00+00:00,88.2043634289
2011-10-12 00:00:00+00:00,88.0348483166
2011-10-13 00:00:00+00:00,88.08328120590001
2011-10-14 00:00:00+00:00,87.9379825382
2011-10-17 00:00:00+00:00,88.285084911
2011-10-18 00:00:00+00:00,88.1882191325
2011-10-19 00:00:00+00:00,88.31737350379998
2011-10-20 00:00:00+00:00,88.26894061459998
2011-10-21 00:00:00+00:00,88.31737350379998
2011-10-24 00:00:00+00:00,88.18014698430001
2011-10-25 00:00:00+00:00,88.6321872838
2011-10-26 00:00:00+00:00,88.3900228376
2011-10-27 00:00:00+00:00,88.26894061459998
2011-10-28 00:00:00+00:00,88.3980949858
2011-10-31 00:00:00+00:00,88.8178466925
2011-11-01 00:00:00+00:00,89.242900186
2011-11-02 00:00:00+00:00,89.242900186
2011-11-03 00:00:00+00:00,89.0486651625
2011-11-04 00:00:00+00:00,89.02438578450001
2011-11-07 00:00:00+00:00,89.0972239184
2011-11-08 00:00:00+00:00,88.97582702870001
2011-11-09 00:00:00+00:00,89.1295964223
2011-11-10 00:00:00+00:00,88.9596407767
2011-11-11 00:00:00+00:00,88.854430139
2011-11-14 00:00:00+00:00,88.9272682728
2011-11-15 00:00:00+00:00,88.8139645091
2011-11-16 00:00:00+00:00,88.78159200510001
2011-11-17 00:00:00+00:00,88.73303324930001
2011-11-18 00:00:00+00:00,88.7168469973
2011-11-21 00:00:00+00:00,88.70066074530001
2011-11-22 00:00:00+00:00,88.7654057532
2011-11-23 00:00:00+00:00,88.846337013
2011-11-25 00:00:00+00:00,88.7249401233
2011-11-28 00:00:00+00:00,88.7168469973
2011-11-29 00:00:00+00:00,88.7492195012
2011-11-30 00:00:00+00:00,88.5226119738
2011-12-01 00:00:00+00:00,88.5534532582
2011-12-02 00:00:00+00:00,88.7812644206
2011-12-05 00:00:00+00:00,88.8788977759
2011-12-06 00:00:00+00:00,88.79753664649999
2011-12-07 00:00:00+00:00,88.96025890530001
2011-12-08 00:00:00+00:00,89.04975614770001
2011-12-09 00:00:00+00:00,89.00093947
2011-12-12 00:00:00+00:00,89.0253478089
2011-12-13 00:00:00+00:00,89.2043422936
2011-12-14 00:00:00+00:00,89.42401734299999
2011-12-15 00:00:00+00:00,89.23688674540001
2011-12-16 00:00:00+00:00,89.5379229242
2011-12-19 00:00:00+00:00,89.6274201666
2011-12-20 00:00:00+00:00,89.5053784724
2011-12-21 00:00:00+00:00,89.2775673101
2011-12-22 00:00:00+00:00,89.4158812301
2011-12-23 00:00:00+00:00,89.3101117618
2011-12-27 00:00:00+00:00,89.47097166440001
2011-12-28 00:00:00+00:00,89.62559677459998
2011-12-29 00:00:00+00:00,89.8371890307
2011-12-30 00:00:00+00:00,89.723254739
2012-01-03 00:00:00+00:00,89.54421513770001
2012-01-04 00:00:00+00:00,89.42214268219999
2012-01-05 00:00:00+00:00,89.54421513770001
2012-01-06 00:00:00+00:00,89.6174586109
2012-01-09 00:00:00+00:00,89.54421513770001
2012-01-10 00:00:00+00:00,89.5198006466
2012-01-11 00:00:00+00:00,89.8371890307
2012-01-12 00:00:00+00:00,89.76394555739999
2012-01-13 00:00:00+00:00,89.9673996498
2012-01-17 00:00:00+00:00,89.9918141409
2012-01-18 00:00:00+00:00,89.8778798492
2012-01-19 00:00:00+00:00,89.73139290270001
2012-01-20 00:00:00+00:00,89.5035243192
2012-01-23 00:00:00+00:00,89.4302808459
2012-01-24 00:00:00+00:00,89.5035243192
2012-01-25 00:00:00+00:00,89.6337349383
2012-01-26 00:00:00+00:00,89.81277453959999
2012-01-27 00:00:00+00:00,89.9592614861
2012-01-30 00:00:00+00:00,90.2196827244
2012-01-31 00:00:00+00:00,90.37430783459999
2012-02-01 00:00:00+00:00,90.2155794622
2012-02-02 00:00:00+00:00,90.2400546601
2012-02-03 00:00:00+00:00,90.19926266360001
2012-02-06 00:00:00+00:00,90.26452985799999
2012-02-07 00:00:00+00:00,90.17478746569999
2012-02-08 00:00:00+00:00,90.10136187200001
2012-02-09 00:00:00+00:00,89.9545106846
2012-02-10 00:00:00+00:00,90.0768866741
2012-02-13 00:00:00+00:00,90.10952027129998
2012-02-14 00:00:00+00:00,90.182945865
2012-02-15 00:00:00+00:00,90.1503122678
2012-02-16 00:00:00+00:00,90.1339954692
2012-02-17 00:00:00+00:00,90.019777879
2012-02-21 00:00:00+00:00,89.8810850909
2012-02-22 00:00:00+00:00,90.1339954692
2012-02-23 00:00:00+00:00,90.20742106290001
2012-02-24 00:00:00+00:00,90.2318962608
2012-02-27 00:00:00+00:00,90.51744023629999
2012-02-28 00:00:00+00:00,90.45217304190001
2012-02-29 00:00:00+00:00,90.36243064959999
2012-03-01 00:00:00+00:00,90.18020382700001
2012-03-02 00:00:00+00:00,90.37649667049999
2012-03-05 00:00:00+00:00,90.2456347748
2012-03-06 00:00:00+00:00,90.42556988129999
2012-03-07 00:00:00+00:00,90.3437811966
2012-03-08 00:00:00+00:00,90.13930948459999
2012-03-09 00:00:00+00:00,90.1229517477
2012-03-12 00:00:00+00:00,90.2047404325
2012-03-13 00:00:00+00:00,89.9021222988
2012-03-14 00:00:00+00:00,89.41139019020001
2012-03-15 00:00:00+00:00,89.3704958478
2012-03-16 00:00:00+00:00,89.3786747163
2012-03-19 00:00:00+00:00,89.0924143196
2012-03-20 00:00:00+00:00,89.2232762152
2012-03-21 00:00:00+00:00,89.4359267956
2012-03-22 00:00:00+00:00,89.51771548040001
2012-03-23 00:00:00+00:00,89.7221871923
2012-03-26 00:00:00+00:00,89.6567562445
2012-03-27 00:00:00+00:00,89.75490266620001
2012-03-28 00:00:00+00:00,89.7385449293
2012-03-29 00:00:00+00:00,89.98391098360001
2012-03-30 00:00:00+00:00,89.84487021950001
2012-04-02 00:00:00+00:00,89.8556900446
2012-04-03 00:00:00+00:00,89.47043028979999
2012-04-04 00:00:00+00:00,89.6589616592
2012-04-05 00:00:00+00:00,89.86388706059999
2012-04-09 00:00:00+00:00,90.2573438315
2012-04-10 00:00:00+00:00,90.26554084760001
2012-04-11 00:00:00+00:00,90.2737378636
2012-04-12 00:00:00+00:00,90.18357068700001
2012-04-13 00:00:00+00:00,90.46226923299999
2012-04-16 00:00:00+00:00,90.4786632651
2012-04-17 00:00:00+00:00,90.49505729719999
2012-04-18 00:00:00+00:00,90.60981552209999
2012-04-19 00:00:00+00:00,90.54423939360001
2012-04-20 00:00:00+00:00,90.56063342569999
2012-04-23 00:00:00+00:00,90.6508006024
2012-04-24 00:00:00+00:00,90.51964834540001
2012-04-25 00:00:00+00:00,90.56063342569999
2012-04-26 00:00:00+00:00,90.69998269870001
2012-04-27 00:00:00+00:00,90.6917856827
2012-04-30 00:00:00+00:00,90.65899761840001
2012-05-01 00:00:00+00:00,90.6265480909
2012-05-02 00:00:00+00:00,90.7169035726
2012-05-03 00:00:00+00:00,90.8154731889
2012-05-04 00:00:00+00:00,90.90582867059999
2012-05-07 00:00:00+00:00,90.9386852094
2012-05-08 00:00:00+00:00,91.0043982869
2012-05-09 00:00:00+00:00,91.029040691
2012-05-10 00:00:00+00:00,90.9386852094
2012-05-11 00:00:00+00:00,91.0043982869
2012-05-14 00:00:00+00:00,91.2097516543
2012-05-15 00:00:00+00:00,91.16046684610001
2012-05-16 00:00:00+00:00,91.1440385767
2012-05-17 00:00:00+00:00,91.2015375196
2012-05-18 00:00:00+00:00,91.17689511549999
2012-05-21 00:00:00+00:00,91.16046684610001
2012-05-22 00:00:00+00:00,90.9386852094
2012-05-23 00:00:00+00:00,91.04546896040002
2012-05-24 00:00:00+00:00,90.9715417481
2012-05-25 00:00:00+00:00,91.111182038
2012-05-29 00:00:00+00:00,91.0618972298
2012-05-30 00:00:00+00:00,91.3658202135
2012-05-31 00:00:00+00:00,91.6368866584
2012-06-01 00:00:00+00:00,91.8655468116
2012-06-04 00:00:00+00:00,91.65152313620001
2012-06-05 00:00:00+00:00,91.4621945003
2012-06-06 00:00:00+00:00,91.1905490662
2012-06-07 00:00:00+00:00,91.3304876232
2012-06-08 00:00:00+00:00,91.2893292241
2012-06-11 00:00:00+00:00,91.3716460223
2012-06-12 00:00:00+00:00,91.29756090389999
2012-06-13 00:00:00+00:00,91.53627961870001
2012-06-14 00:00:00+00:00,91.4704261801
2012-06-15 00:00:00+00:00,91.68444985549999
2012-06-18 00:00:00+00:00,91.6597548161
2012-06-19 00:00:00+00:00,91.5527429784
2012-06-20 00:00:00+00:00,91.4128044214
2012-06-21 00:00:00+00:00,91.53627961870001
2012-06-22 00:00:00+00:00,91.40457274159999
2012-06-25 00:00:00+00:00,91.69268153530001
2012-06-26 00:00:00+00:00,91.5939013775
2012-06-27 00:00:00+00:00,91.6350597766
2012-06-28 00:00:00+00:00,91.7420716143
2012-06-29 00:00:00+00:00,91.6185964169
2012-07-02 00:00:00+00:00,91.79412628799999
2012-07-03 00:00:00+00:00,91.7281407537
2012-07-05 00:00:00+00:00,91.96733831530001
2012-07-06 00:00:00+00:00,92.03332384950001
2012-07-09 00:00:00+00:00,92.21478406860001
2012-07-10 00:00:00+00:00,92.2560250275
2012-07-11 00:00:00+00:00,92.2477768357
2012-07-12 00:00:00+00:00,92.41274067120001
2012-07-13 00:00:00+00:00,92.4457334384
2012-07-16 00:00:00+00:00,92.5199671643
2012-07-17 00:00:00+00:00,92.48697439719999
2012-07-18 00:00:00+00:00,92.66843461629999
2012-07-19 00:00:00+00:00,92.5942008903
2012-07-20 00:00:00+00:00,92.7261719588
2012-07-23 00:00:00+00:00,92.8086538765
2012-07-24 00:00:00+00:00,92.9241285614
2012-07-25 00:00:00+00:00,92.95712132850001
2012-07-26 00:00:00+00:00,92.8993839861
2012-07-27 00:00:00+00:00,92.6189454657
2012-07-30 00:00:00+00:00,92.7756611094
2012-07-31 00:00:00+00:00,92.866391219
2012-08-01 00:00:00+00:00,92.75923978440001
2012-08-02 00:00:00+00:00,92.7757685157
2012-08-03 00:00:00+00:00,92.55263064379999
2012-08-06 00:00:00+00:00,92.6931248594
2012-08-07 00:00:00+00:00,92.4451938906
2012-08-08 00:00:00+00:00,92.32949277190001
2012-08-09 00:00:00+00:00,92.304699675
2012-08-10 00:00:00+00:00,92.4534582563
2012-08-13 00:00:00+00:00,92.4451938906
2012-08-14 00:00:00+00:00,92.2303203844
2012-08-15 00:00:00+00:00,91.9328032218
2012-08-16 00:00:00+00:00,91.8171021031
2012-08-17 00:00:00+00:00,91.9245388562
2012-08-20 00:00:00+00:00,91.8914813937
2012-08-21 00:00:00+00:00,92.0154468781
2012-08-22 00:00:00+00:00,92.4121364281
2012-08-23 00:00:00+00:00,92.4782513532
2012-08-24 00:00:00+00:00,92.4121364281
2012-08-27 00:00:00+00:00,92.5361019125
2012-08-28 00:00:00+00:00,92.6104812032
2012-08-29 00:00:00+00:00,92.51957318129999
2012-08-30 00:00:00+00:00,92.5774237407
2012-08-31 00:00:00+00:00,92.8666765376
2012-09-04 00:00:00+00:00,92.8489395561
2012-09-05 00:00:00+00:00,92.8489395561
2012-09-06 00:00:00+00:00,92.6336472678
2012-09-07 00:00:00+00:00,92.650208213
2012-09-10 00:00:00+00:00,92.6667691583
2012-09-11 00:00:00+00:00,92.5591230141
2012-09-12 00:00:00+00:00,92.385233089
2012-09-13 00:00:00+00:00,92.6005253773
2012-09-14 00:00:00+00:00,92.2196236365
2012-09-17 00:00:00+00:00,92.36867214370001
2012-09-18 00:00:00+00:00,92.42663545209999
2012-09-19 00:00:00+00:00,92.6088058499
2012-09-20 00:00:00+00:00,92.55084254149999
2012-09-21 00:00:00+00:00,92.6998910488
2012-09-24 00:00:00+00:00,92.79925672030001
2012-09-25 00:00:00+00:00,92.9483052276
2012-09-26 00:00:00+00:00,93.03939042649999
2012-09-27 00:00:00+00:00,92.9814271181
2012-09-28 00:00:00+00:00,93.11225858559999
2012-10-01 00:00:00+00:00,93.0782689015
2012-10-02 00:00:00+00:00,93.1529306146
2012-10-03 00:00:00+00:00,93.11974763100001
2012-10-04 00:00:00+00:00,92.9870156967
2012-10-05 00:00:00+00:00,92.7962135412
2012-10-08 00:00:00+00:00,92.9372412214
2012-10-09 00:00:00+00:00,92.8376922707
2012-10-10 00:00:00+00:00,92.9870156967
2012-10-11 00:00:00+00:00,93.1031561392
2012-10-12 00:00:00+00:00,93.1778178522
2012-10-15 00:00:00+00:00,93.22759232760001
2012-10-16 00:00:00+00:00,93.0782689015
2012-10-17 00:00:00+00:00,92.7879177953
2012-10-18 00:00:00+00:00,92.7547348118
2012-10-19 00:00:00+00:00,92.8708752542
2012-10-22 00:00:00+00:00,92.7464390659
2012-10-23 00:00:00+00:00,92.9538327132
2012-10-24 00:00:00+00:00,92.887466746
2012-10-25 00:00:00+00:00,92.68836884459999
2012-10-26 00:00:00+00:00,92.9372412214
2012-10-31 00:00:00+00:00,93.0699731556
2012-11-01 00:00:00+00:00,92.94771128229999
2012-11-02 00:00:00+00:00,93.0054086988
2012-11-05 00:00:00+00:00,93.16386875040001
2012-11-06 00:00:00+00:00,92.89782878959998
2012-11-07 00:00:00+00:00,93.1139862577
2012-11-08 00:00:00+00:00,93.23037874059999
2012-11-09 00:00:00+00:00,93.18049624790001
2012-11-12 00:00:00+00:00,93.15555500159999
2012-11-13 00:00:00+00:00,93.3192527149
2012-11-14 00:00:00+00:00,93.3467712234
2012-11-15 00:00:00+00:00,93.2553199869
2012-11-16 00:00:00+00:00,93.28857498200001
2012-11-19 00:00:00+00:00,93.35508497209999
2012-11-20 00:00:00+00:00,93.18049624790001
2012-11-21 00:00:00+00:00,93.02253502120001
2012-11-23 00:00:00+00:00,93.0807312626
2012-11-26 00:00:00+00:00,93.1139862577
2012-11-27 00:00:00+00:00,93.2386924893
2012-11-28 00:00:00+00:00,93.2553199869
2012-11-29 00:00:00+00:00,93.37171246969999
2012-11-30 00:00:00+00:00,93.3218299771
2012-12-03 00:00:00+00:00,93.3355127448
2012-12-04 00:00:00+00:00,93.3940565252
2012-12-05 00:00:00+00:00,93.47769049719999
2012-12-06 00:00:00+00:00,93.4693271
2012-12-07 00:00:00+00:00,93.38569312799999
2012-12-10 00:00:00+00:00,93.4024199224
2012-12-11 00:00:00+00:00,93.3689663336
2012-12-12 00:00:00+00:00,93.10970102040001
2012-12-13 00:00:00+00:00,92.9591598708
2012-12-14 00:00:00+00:00,93.1264278148
2012-12-17 00:00:00+00:00,92.9006160904
2012-12-18 00:00:00+00:00,92.6831677632
2012-12-19 00:00:00+00:00,92.84207231
2012-12-20 00:00:00+00:00,92.8517738508
2012-12-21 00:00:00+00:00,92.93406967920001
2012-12-24 00:00:00+00:00,92.9424330764
2012-12-26 00:00:00+00:00,93.0681148642
2012-12-27 00:00:00+00:00,93.1183993026
2012-12-28 00:00:00+00:00,93.2608718783
2012-12-31 00:00:00+00:00,93.0932570834
2013-01-02 00:00:00+00:00,92.9843074667
2013-01-03 00:00:00+00:00,92.7496467539
2013-01-04 00:00:00+00:00,92.8502156308
2013-01-07 00:00:00+00:00,92.7999311923
2013-01-08 00:00:00+00:00,92.88373858979999
2013-01-09 00:00:00+00:00,92.8166926718
2013-01-10 00:00:00+00:00,92.8083119321
2013-01-11 00:00:00+00:00,92.90050006930001
2013-01-14 00:00:00+00:00,92.9843074667
2013-01-15 00:00:00+00:00,93.00944968600001
2013-01-16 00:00:00+00:00,93.05973412440001
2013-01-17 00:00:00+00:00,92.8585963706
2013-01-18 00:00:00+00:00,92.9675459872
2013-01-22 00:00:00+00:00,92.91726154879998
2013-01-23 00:00:00+00:00,93.0178304257
2013-01-24 00:00:00+00:00,92.8921193295
2013-01-25 00:00:00+00:00,92.6658393564
2013-01-28 00:00:00+00:00,92.53174752049999
2013-01-29 00:00:00+00:00,92.47308234229999
2013-01-30 00:00:00+00:00,92.4311786436
2013-01-31 00:00:00+00:00,92.514986041
2013-02-01 00:00:00+00:00,92.3150651706
2013-02-04 00:00:00+00:00,92.57536779200001
2013-02-05 00:00:00+00:00,92.3822400406
2013-02-06 00:00:00+00:00,92.54178035700001
2013-02-07 00:00:00+00:00,92.57536779200001
2013-02-08 00:00:00+00:00,92.6005583683
2013-02-11 00:00:00+00:00,92.508192922
2013-02-12 00:00:00+00:00,92.49139920450001
2013-02-13 00:00:00+00:00,92.39903375809999
2013-02-14 00:00:00+00:00,92.5669709333
2013-02-15 00:00:00+00:00,92.57536779200001
2013-02-19 00:00:00+00:00,92.4662086282
2013-02-20 00:00:00+00:00,92.52498663950001
2013-02-21 00:00:00+00:00,92.57536779200001
2013-02-22 00:00:00+00:00,92.62574894459999
2013-02-25 00:00:00+00:00,92.9784170123
2013-02-26 00:00:00+00:00,92.95322643610001
2013-02-27 00:00:00+00:00,92.9784170123
2013-02-28 00:00:00+00:00,93.0623855999
2013-03-01 00:00:00+00:00,93.0955422761
2013-03-04 00:00:00+00:00,93.0282402394
2013-03-05 00:00:00+00:00,92.95252544809999
2013-03-06 00:00:00+00:00,92.851572393
2013-03-07 00:00:00+00:00,92.6580790375
2013-03-08 00:00:00+00:00,92.38887089059999
2013-03-11 00:00:00+00:00,92.4393474182
2013-03-12 00:00:00+00:00,92.60760250989999
2013-03-13 00:00:00+00:00,92.5318877186
2013-03-14 00:00:00+00:00,92.63284077370001
2013-03-15 00:00:00+00:00,92.71696831959999
2013-03-18 00:00:00+00:00,92.80109586549999
2013-03-19 00:00:00+00:00,92.9356999389
2013-03-20 00:00:00+00:00,92.8347468838
2013-03-21 00:00:00+00:00,92.851572393
2013-03-22 00:00:00+00:00,92.88522341139999
2013-03-25 00:00:00+00:00,92.851572393
2013-03-26 00:00:00+00:00,92.9609382027
2013-03-27 00:00:00+00:00,93.1544315582
2013-03-28 00:00:00+00:00,93.1544315582
2013-04-01 00:00:00+00:00,93.2388173756
2013-04-02 00:00:00+00:00,93.1376266541
2013-04-03 00:00:00+00:00,93.2388173756
2013-04-04 00:00:00+00:00,93.5002267397
2013-04-05 00:00:00+00:00,93.77006866389999
2013-04-08 00:00:00+00:00,93.60985002139999
2013-04-09 00:00:00+00:00,93.64358026200001
2013-04-10 00:00:00+00:00,93.4496313789
2013-04-11 00:00:00+00:00,93.4664964992
2013-04-12 00:00:00+00:00,93.77006866389999
2013-04-15 00:00:00+00:00,93.81223146459999
2013-04-16 00:00:00+00:00,93.81223146459999
2013-04-17 00:00:00+00:00,93.81223146459999
2013-04-18 00:00:00+00:00,93.7953663443
2013-04-19 00:00:00+00:00,93.80379890450001
2013-04-22 00:00:00+00:00,93.92185474629999
2013-04-23 00:00:00+00:00,93.8796919457
2013-04-24 00:00:00+00:00,93.8628268254
2013-04-25 00:00:00+00:00,93.8206640247
2013-04-26 00:00:00+00:00,94.0146129078
2013-04-29 00:00:00+00:00,94.07364082870001
2013-04-30 00:00:00+00:00,94.0567757084
2013-05-01 00:00:00+00:00,94.1002531452
2013-05-02 00:00:00+00:00,94.108700964
2013-05-03 00:00:00+00:00,93.7623403949
2013-05-06 00:00:00+00:00,93.6102796572
2013-05-07 00:00:00+00:00,93.5595927447
2013-05-08 00:00:00+00:00,93.6440709323
2013-05-09 00:00:00+00:00,93.5173536509
2013-05-10 00:00:00+00:00,93.3315016382
2013-05-13 00:00:00+00:00,93.2470234506
2013-05-14 00:00:00+00:00,93.02738016290002
2013-05-15 00:00:00+00:00,93.1625452631
2013-05-16 00:00:00+00:00,93.4159798258
2013-05-17 00:00:00+00:00,93.1878887193
2013-05-20 00:00:00+00:00,93.09496271299999
2013-05-21 00:00:00+00:00,93.1709930818
2013-05-22 00:00:00+00:00,92.8584237878
2013-05-23 00:00:00+00:00,92.8246325127
2013-05-24 00:00:00+00:00,92.8246325127
2013-05-28 00:00:00+00:00,92.25018083719999
2013-05-29 00:00:00+00:00,92.37689811860001
2013-05-30 00:00:00+00:00,92.35155466229999
2013-05-31 00:00:00+00:00,92.1741504684
2013-06-03 00:00:00+00:00,92.2207967892
2013-06-04 00:00:00+00:00,92.01768592170001
2013-06-05 00:00:00+00:00,91.9669082049
2013-06-06 00:00:00+00:00,92.2038708836
2013-06-07 00:00:00+00:00,91.916130488
2013-06-10 00:00:00+00:00,91.72994552610001
2013-06-11 00:00:00+00:00,91.7384084789
2013-06-12 00:00:00+00:00,91.5860753283
2013-06-13 00:00:00+00:00,92.0346118274
2013-06-14 00:00:00+00:00,92.0600006858
2013-06-17 00:00:00+00:00,91.9922970633
2013-06-18 00:00:00+00:00,91.95844525209999
2013-06-19 00:00:00+00:00,91.3406496968
2013-06-20 00:00:00+00:00,90.73131709440001
2013-06-21 00:00:00+00:00,90.2235399257
2013-06-24 00:00:00+00:00,89.85963295469999
2013-06-25 00:00:00+00:00,89.9611883885
2013-06-26 00:00:00+00:00,90.342021265
2013-06-27 00:00:00+00:00,90.7228541415
2013-06-28 00:00:00+00:00,90.73131709440001
2013-07-01 00:00:00+00:00,90.85620996680001
2013-07-02 00:00:00+00:00,90.85620996680001
2013-07-03 00:00:00+00:00,90.7290316213
2013-07-05 00:00:00+00:00,89.73704052709999
2013-07-08 00:00:00+00:00,90.20336112700001
2013-07-09 00:00:00+00:00,90.2966252469
2013-07-10 00:00:00+00:00,90.0592256688
2013-07-11 00:00:00+00:00,90.66120317049999
2013-07-12 00:00:00+00:00,90.5594604941
2013-07-15 00:00:00+00:00,90.75446729040002
2013-07-16 00:00:00+00:00,90.89860274860001
2013-07-17 00:00:00+00:00,91.09360954489999
2013-07-18 00:00:00+00:00,90.9240384177
2013-07-19 00:00:00+00:00,91.1614379958
2013-07-22 00:00:00+00:00,91.28013778479999
2013-07-23 00:00:00+00:00,91.2292664467
2013-07-24 00:00:00+00:00,90.932516974
2013-07-25 00:00:00+00:00,90.96643119950001
2013-07-26 00:00:00+00:00,90.9409955304
2013-07-29 00:00:00+00:00,90.9409955304
2013-07-30 00:00:00+00:00,90.9070813049
2013-07-31 00:00:00+00:00,90.9749097558
2013-08-01 00:00:00+00:00,90.4615772566
2013-08-02 00:00:00+00:00,90.7673915849
2013-08-05 00:00:00+00:00,90.80986579709999
2013-08-06 00:00:00+00:00,90.7164225302
2013-08-07 00:00:00+00:00,90.83535032450001
2013-08-08 00:00:00+00:00,90.9627729612
2013-08-09 00:00:00+00:00,91.0222368584
2013-08-12 00:00:00+00:00,90.9627729612
2013-08-13 00:00:00+00:00,90.5974947359
2013-08-14 00:00:00+00:00,90.47856694149999
2013-08-15 00:00:00+00:00,90.15576292840001
2013-08-16 00:00:00+00:00,89.9009176549
2013-08-19 00:00:00+00:00,89.620587854
2013-08-20 00:00:00+00:00,89.88392797
2013-08-21 00:00:00+00:00,89.5526291144
2013-08-22 00:00:00+00:00,89.66306206629999
2013-08-23 00:00:00+00:00,89.96038155209999
2013-08-26 00:00:00+00:00,90.1217835586
2013-08-27 00:00:00+00:00,90.35624121030001
2013-08-28 00:00:00+00:00,90.1897422982
2013-08-29 00:00:00+00:00,90.3681339897
2013-08-30 00:00:00+00:00,90.223721668
2013-09-03 00:00:00+00:00,90.00129101430001
2013-09-04 00:00:00+00:00,89.87362960860001
2013-09-05 00:00:00+00:00,89.2693656217
2013-09-06 00:00:00+00:00,89.6012852765
2013-09-09 00:00:00+00:00,89.7800112445
2013-09-10 00:00:00+00:00,89.6183067973
2013-09-11 00:00:00+00:00,89.9246941709
2013-09-12 00:00:00+00:00,89.82256504639999
2013-09-13 00:00:00+00:00,89.9502264521
2013-09-16 00:00:00+00:00,90.1374631804
2013-09-17 00:00:00+00:00,90.2225707842
2013-09-18 00:00:00+00:00,90.98002845799999
2013-09-19 00:00:00+00:00,90.8693885731
2013-09-20 00:00:00+00:00,90.8693885731
2013-09-23 00:00:00+00:00,90.93747465610001
2013-09-24 00:00:00+00:00,91.1502436656
2013-09-25 00:00:00+00:00,91.2779050713
2013-09-26 00:00:00+00:00,91.2608835505
2013-09-27 00:00:00+00:00,91.31194811280001
2013-09-30 00:00:00+00:00,91.2353512694
2013-10-01 00:00:00+00:00,91.1679137063
2013-10-02 00:00:00+00:00,91.28727691510001
2013-10-03 00:00:00+00:00,91.355484463
2013-10-04 00:00:00+00:00,91.2787509716
2013-10-07 00:00:00+00:00,91.2616990846
2013-10-08 00:00:00+00:00,91.21906936719999
2013-10-09 00:00:00+00:00,91.1508618193
2013-10-10 00:00:00+00:00,91.25317314120001
2013-10-11 00:00:00+00:00,91.28727691510001
2013-10-14 00:00:00+00:00,91.1167580454
2013-10-15 00:00:00+00:00,91.07412832790001
2013-10-16 00:00:00+00:00,91.4663217283
2013-10-17 00:00:00+00:00,91.72210003290002
2013-10-18 00:00:00+00:00,91.8755670157
2013-10-21 00:00:00+00:00,91.7903075808
2013-10-22 00:00:00+00:00,92.1142934333
2013-10-23 00:00:00+00:00,92.08871560290001
2013-10-24 00:00:00+00:00,92.0546118289
2013-10-25 00:00:00+00:00,92.08871560290001
2013-10-28 00:00:00+00:00,92.0460858854
2013-10-29 00:00:00+00:00,92.1569231508
2013-10-30 00:00:00+00:00,91.986404281
2013-10-31 00:00:00+00:00,91.99407763020001
2013-11-01 00:00:00+00:00,91.77342877049999
2013-11-04 00:00:00+00:00,91.8673801634
2013-11-05 00:00:00+00:00,91.59406702049999
2013-11-06 00:00:00+00:00,91.73926462760001
2013-11-07 00:00:00+00:00,91.8075929134
2013-11-08 00:00:00+00:00,91.23534352040001
2013-11-11 00:00:00+00:00,91.1840973061
2013-11-12 00:00:00+00:00,91.1499331632
2013-11-13 00:00:00+00:00,91.3890821633
2013-11-14 00:00:00+00:00,91.6709363419
2013-11-15 00:00:00+00:00,91.6965594491
2013-11-18 00:00:00+00:00,91.87592119909999
2013-11-19 00:00:00+00:00,91.6282311633
2013-11-20 00:00:00+00:00,91.3720000918
2013-11-21 00:00:00+00:00,91.4659514847
2013-11-22 00:00:00+00:00,91.59406702049999
2013-11-25 00:00:00+00:00,91.66239530620001
2013-11-26 00:00:00+00:00,91.6880184133
2013-11-27 00:00:00+00:00,91.7307235919
2013-11-29 00:00:00+00:00,91.7648877348
2013-12-02 00:00:00+00:00,91.41691142
2013-12-03 00:00:00+00:00,91.5281554383
2013-12-04 00:00:00+00:00,91.2885529372
2013-12-05 00:00:00+00:00,91.09173659700001
2013-12-06 00:00:00+00:00,91.24576677629999
2013-12-09 00:00:00+00:00,91.35701079469999
2013-12-10 00:00:00+00:00,91.5024837418
2013-12-11 00:00:00+00:00,91.35701079469999
2013-12-12 00:00:00+00:00,91.22009507969999
2013-12-13 00:00:00+00:00,91.2628812406
2013-12-16 00:00:00+00:00,91.33133909809999
2013-12-17 00:00:00+00:00,91.4853692774
2013-12-18 00:00:00+00:00,91.44258311649999
2013-12-19 00:00:00+00:00,91.2885529372
2013-12-20 00:00:00+00:00,91.44258311649999
2013-12-23 00:00:00+00:00,91.3997969556
2013-12-24 00:00:00+00:00,91.2714384728
2013-12-26 00:00:00+00:00,91.22030130899999
2013-12-27 00:00:00+00:00,91.25459787870001
2013-12-30 00:00:00+00:00,91.340339303
2013-12-31 00:00:00+00:00,91.25459787870001
2014-01-02 00:00:00+00:00,91.3146168757
2014-01-03 00:00:00+00:00,91.34891344549999
2014-01-06 00:00:00+00:00,91.4689514395
2014-01-07 00:00:00+00:00,91.5118221516
2014-01-08 00:00:00+00:00,91.2374495939
2014-01-09 00:00:00+00:00,91.3660617303
2014-01-10 00:00:00+00:00,91.82906542149999
2014-01-13 00:00:00+00:00,91.9148068458
2014-01-14 00:00:00+00:00,91.77762056690001
2014-01-15 00:00:00+00:00,91.7004532851
2014-01-16 00:00:00+00:00,91.9148068458
2014-01-17 00:00:00+00:00,91.95767755799999
2014-01-21 00:00:00+00:00,92.0005482701
2014-01-22 00:00:00+00:00,91.8033429942
2014-01-23 00:00:00+00:00,92.0434189823
2014-01-24 00:00:00+00:00,92.2406242581
2014-01-27 00:00:00+00:00,92.0434189823
2014-01-28 00:00:00+00:00,92.197753546
2014-01-29 00:00:00+00:00,92.4721261038
2014-01-30 00:00:00+00:00,92.48927438860001
2014-01-31 00:00:00+00:00,92.66075723719999
2014-02-03 00:00:00+00:00,92.97431019620001
2014-02-04 00:00:00+00:00,92.7509588089
2014-02-05 00:00:00+00:00,92.51901698360001
2014-02-06 00:00:00+00:00,92.4760647937
2014-02-07 00:00:00+00:00,92.6221022393
2014-02-10 00:00:00+00:00,92.716597057
2014-02-11 00:00:00+00:00,92.5361978595
2014-02-12 00:00:00+00:00,92.38156997600001
2014-02-13 00:00:00+00:00,92.5791500494
2014-02-14 00:00:00+00:00,92.5791500494
2014-02-18 00:00:00+00:00,92.6392831152
2014-02-19 00:00:00+00:00,92.5705596114
2014-02-20 00:00:00+00:00,92.51901698360001
2014-02-21 00:00:00+00:00,92.6049213633
2014-02-24 00:00:00+00:00,92.51901698360001
2014-02-25 00:00:00+00:00,92.76813968479999
2014-02-26 00:00:00+00:00,92.9657197582
2014-02-27 00:00:00+00:00,93.0602145759
2014-02-28 00:00:00+00:00,93.0086719481
2014-03-03 00:00:00+00:00,93.24922826459999
2014-03-04 00:00:00+00:00,92.9049763836
2014-03-05 00:00:00+00:00,92.9566141658
2014-03-06 00:00:00+00:00,92.7500630372
2014-03-07 00:00:00+00:00,92.49187412639999
2014-03-10 00:00:00+00:00,92.49187412639999
2014-03-11 00:00:00+00:00,92.4832678294
2014-03-12 00:00:00+00:00,92.68981895799999
2014-03-13 00:00:00+00:00,92.93079527469999
2014-03-14 00:00:00+00:00,92.88776378959999
2014-03-17 00:00:00+00:00,92.8361260074
2014-03-18 00:00:00+00:00,92.9480078687
2014-03-19 00:00:00+00:00,92.5349056115
2014-03-20 00:00:00+00:00,92.4660552353
2014-03-21 00:00:00+00:00,92.5951496907
2014-03-24 00:00:00+00:00,92.73285044309999
2014-03-25 00:00:00+00:00,92.6381811758
2014-03-26 00:00:00+00:00,92.93079527469999
2014-03-27 00:00:00+00:00,92.9996456509
2014-03-28 00:00:00+00:00,92.8619448985
2014-03-31 00:00:00+00:00,92.8705511955
2014-04-01 00:00:00+00:00,92.72847844420001
2014-04-02 00:00:00+00:00,92.5732699067
2014-04-03 00:00:00+00:00,92.642251479
2014-04-04 00:00:00+00:00,92.9354231609
2014-04-07 00:00:00+00:00,93.0733863053
2014-04-08 00:00:00+00:00,93.1854813601
2014-04-09 00:00:00+00:00,93.1941040566
2014-04-10 00:00:00+00:00,93.40967146979999
2014-04-11 00:00:00+00:00,93.4958984351
2014-04-14 00:00:00+00:00,93.53038922120001
2014-04-15 00:00:00+00:00,93.53901191770001
2014-04-16 00:00:00+00:00,93.5907480969
2014-04-17 00:00:00+00:00,93.2889537184
2014-04-21 00:00:00+00:00,93.28033102190001
2014-04-22 00:00:00+00:00,93.2630856289
2014-04-23 00:00:00+00:00,93.3579352906
2014-04-24 00:00:00+00:00,93.4441622559
2014-04-25 00:00:00+00:00,93.461407649
2014-04-28 00:00:00+00:00,93.4010487733
2014-04-29 00:00:00+00:00,93.4441622559
2014-04-30 00:00:00+00:00,93.461407649
2014-05-01 00:00:00+00:00,93.77040456579999
2014-05-02 00:00:00+00:00,93.88270445149999
2014-05-05 00:00:00+00:00,93.8481506405
2014-05-06 00:00:00+00:00,93.9172582625
2014-05-07 00:00:00+00:00,93.9172582625
2014-05-08 00:00:00+00:00,93.9777274317
2014-05-09 00:00:00+00:00,93.8913429042
2014-05-12 00:00:00+00:00,93.81359682950001
2014-05-13 00:00:00+00:00,93.96908897899999
2014-05-14 00:00:00+00:00,94.23688101409999
2014-05-15 00:00:00+00:00,94.43556542729999
2014-05-16 00:00:00+00:00,94.3319039943
2014-05-19 00:00:00+00:00,94.2973501833
2014-05-20 00:00:00+00:00,94.34054244709999
2014-05-21 00:00:00+00:00,94.30598863610001
2014-05-22 00:00:00+00:00,94.2627963724
2014-05-23 00:00:00+00:00,94.3578193526
2014-05-27 00:00:00+00:00,94.44420388
2014-05-28 00:00:00+00:00,94.70335746239999
2014-05-29 00:00:00+00:00,94.651526746
2014-05-30 00:00:00+00:00,94.5565037657
2014-06-02 00:00:00+00:00,94.4502870785
2014-06-03 00:00:00+00:00,94.1992966702
2014-06-04 00:00:00+00:00,94.1646773035
2014-06-05 00:00:00+00:00,94.28584508680001
2014-06-06 00:00:00+00:00,94.2339160369
2014-06-09 00:00:00+00:00,94.1473676202
2014-06-10 00:00:00+00:00,94.0088901536
2014-06-11 00:00:00+00:00,94.0781288869
2014-06-12 00:00:00+00:00,94.2598805619
2014-06-13 00:00:00+00:00,94.2339160369
2014-06-16 00:00:00+00:00,94.1819869869
2014-06-17 00:00:00+00:00,94.0088901536
2014-06-18 00:00:00+00:00,94.2598805619
2014-06-19 00:00:00+00:00,94.12140309520001
2014-06-20 00:00:00+00:00,94.28584508680001
2014-06-23 00:00:00+00:00,94.1992966702
2014-06-24 00:00:00+00:00,94.3637386618
2014-06-25 00:00:00+00:00,94.4935612868
2014-06-26 00:00:00+00:00,94.6753129617
2014-06-27 00:00:00+00:00,94.6753129617
2014-06-30 00:00:00+00:00,94.6839678034
2014-07-01 00:00:00+00:00,94.5676224979
2014-07-02 00:00:00+00:00,94.23814879700001
2014-07-03 00:00:00+00:00,94.1774562732
2014-07-07 00:00:00+00:00,94.2034673548
2014-07-08 00:00:00+00:00,94.3942152869
2014-07-09 00:00:00+00:00,94.4722485318
2014-07-10 00:00:00+00:00,94.5156003346
2014-07-11 00:00:00+00:00,94.6456557428
2014-07-14 00:00:00+00:00,94.5676224979
2014-07-15 00:00:00+00:00,94.4462374502
2014-07-16 00:00:00+00:00,94.5242706951
2014-07-17 00:00:00+00:00,94.8017222327
2014-07-18 00:00:00+00:00,94.69767790610001
2014-07-21 00:00:00+00:00,94.7323593483
2014-07-22 00:00:00+00:00,94.88842583809999
2014-07-23 00:00:00+00:00,94.9057665592
2014-07-24 00:00:00+00:00,94.61097430059999
2014-07-25 00:00:00+00:00,94.7930518721
2014-07-28 00:00:00+00:00,94.81039259319999
2014-07-29 00:00:00+00:00,94.9057665592
2014-07-30 00:00:00+00:00,94.5676224979
2014-07-31 00:00:00+00:00,94.4462374502
2014-08-01 00:00:00+00:00,94.80173697229999
2014-08-04 00:00:00+00:00,94.7843644715
2014-08-05 00:00:00+00:00,94.7843644715
2014-08-06 00:00:00+00:00,94.7930507219
2014-08-07 00:00:00+00:00,94.97546198049999
2014-08-08 00:00:00+00:00,95.01020698209999
2014-08-11 00:00:00+00:00,95.17524573989999
2014-08-12 00:00:00+00:00,94.97546198049999
2014-08-13 00:00:00+00:00,95.1665594895
2014-08-14 00:00:00+00:00,95.21867699190001
2014-08-15 00:00:00+00:00,95.45320575299999
2014-08-18 00:00:00+00:00,95.2534219936
2014-08-19 00:00:00+00:00,95.1231282374
2014-08-20 00:00:00+00:00,95.0188932325
2014-08-21 00:00:00+00:00,95.18393199030001
2014-08-22 00:00:00+00:00,95.1665594895
2014-08-25 00:00:00+00:00,95.2447357432
2014-08-26 00:00:00+00:00,95.2534219936
2014-08-27 00:00:00+00:00,95.3750294993
2014-08-28 00:00:00+00:00,95.5661270083
2014-08-29 00:00:00+00:00,95.5313820067
2014-09-02 00:00:00+00:00,95.24009033649999
2014-09-03 00:00:00+00:00,95.34451071870001
2014-09-04 00:00:00+00:00,95.2226869394
2014-09-05 00:00:00+00:00,95.1704767483
2014-09-08 00:00:00+00:00,95.0747580645
2014-09-09 00:00:00+00:00,94.9442325867
2014-09-10 00:00:00+00:00,94.81370710879999
2014-09-11 00:00:00+00:00,94.7179884251
2014-09-12 00:00:00+00:00,94.5265510576
2014-09-15 00:00:00+00:00,94.50914766049999
2014-09-16 00:00:00+00:00,94.50914766049999
2014-09-17 00:00:00+00:00,94.4047272782
2014-09-18 00:00:00+00:00,94.4134289768
2014-09-19 00:00:00+00:00,94.5700595502
2014-09-22 00:00:00+00:00,94.70058502799999
2014-09-23 00:00:00+00:00,94.7876020132
2014-09-24 00:00:00+00:00,94.72669012360001
2014-09-25 00:00:00+00:00,94.9094257926
2014-09-26 00:00:00+00:00,94.9007240941
2014-09-29 00:00:00+00:00,95.00514447629999
2014-09-30 00:00:00+00:00,94.9442325867
2014-10-01 00:00:00+00:00,95.47417211790001
2014-10-02 00:00:00+00:00,95.3172712599
2014-10-03 00:00:00+00:00,95.2736876882
2014-10-06 00:00:00+00:00,95.3608548316
2014-10-07 00:00:00+00:00,95.72695683370002
2014-10-08 00:00:00+00:00,95.99717497809999
2014-10-09 00:00:00+00:00,95.8054072627
2014-10-10 00:00:00+00:00,95.8751409774
2014-10-13 00:00:00+00:00,96.1540758361
2014-10-14 00:00:00+00:00,96.3719936945
2014-10-15 00:00:00+00:00,96.54632798120001
2014-10-16 00:00:00+00:00,96.4678775522
2014-10-17 00:00:00+00:00,96.33712683709999
2014-10-20 00:00:00+00:00,96.4504441235
2014-10-21 00:00:00+00:00,96.3632769802
2014-10-22 00:00:00+00:00,96.31097669409999
2014-10-23 00:00:00+00:00,96.0843421214
2014-10-24 00:00:00+00:00,96.11920897879999
2014-10-27 00:00:00+00:00,96.1540758361
2014-10-28 00:00:00+00:00,96.0058916924
2014-10-29 00:00:00+00:00,95.7966905483
2014-10-30 00:00:00+00:00,95.67465654760001
2014-10-31 00:00:00+00:00,95.9535914064
2014-11-03 00:00:00+00:00,95.772249753
2014-11-04 00:00:00+00:00,95.7809817233
2014-11-05 00:00:00+00:00,95.8159096043
2014-11-06 00:00:00+00:00,95.65000216940001
2014-11-07 00:00:00+00:00,95.97308506889999
2014-11-10 00:00:00+00:00,95.7460538422
2014-11-11 00:00:00+00:00,95.7897136935
2014-11-12 00:00:00+00:00,95.7984456638
2014-11-13 00:00:00+00:00,95.842105515
2014-11-14 00:00:00+00:00,95.9294252176
2014-11-17 00:00:00+00:00,95.8159096043
2014-11-18 00:00:00+00:00,95.9032293068
2014-11-19 00:00:00+00:00,95.67619808020001
2014-11-20 00:00:00+00:00,95.8508374853
2014-11-21 00:00:00+00:00,95.9643530986
2014-11-24 00:00:00+00:00,95.99928097959999
2014-11-25 00:00:00+00:00,96.2088482657
2014-11-26 00:00:00+00:00,96.28743599799999
2014-11-28 00:00:00+00:00,96.5843229867
2014-12-01 00:00:00+00:00,96.3677875883
2014-12-02 00:00:00+00:00,96.1751920826
2014-12-03 00:00:00+00:00,96.0876486709
2014-12-04 00:00:00+00:00,96.37654192950001
2014-12-05 00:00:00+00:00,95.9650878945
2014-12-08 00:00:00+00:00,96.2014551061
2014-12-09 00:00:00+00:00,96.350278906
2014-12-10 00:00:00+00:00,96.51661138819999
2014-12-11 00:00:00+00:00,96.48159402350001
2014-12-12 00:00:00+00:00,96.78799596440001
2014-12-15 00:00:00+00:00,96.52536572940001
2014-12-16 00:00:00+00:00,96.7617329409
2014-12-17 00:00:00+00:00,96.6391721646
2014-12-18 00:00:00+00:00,96.3852962707
2014-12-19 00:00:00+00:00,96.5428744117
2014-12-22 00:00:00+00:00,96.6916982116
2014-12-23 00:00:00+00:00,96.24522681200001
2014-12-24 00:00:00+00:00,96.34970637209999
2014-12-26 00:00:00+00:00,96.3936254651
2014-12-29 00:00:00+00:00,96.5956532932
2014-12-30 00:00:00+00:00,96.70105911659999
2014-12-31 00:00:00+00:00,96.7274105725
2015-01-02 00:00:00+00:00,96.9997089495
2015-01-05 00:00:00+00:00,97.21052059620001
2015-01-06 00:00:00+00:00,97.4564675174
2015-01-07 00:00:00+00:00,97.4388998801
2015-01-08 00:00:00+00:00,97.2895749637
2015-01-09 00:00:00+00:00,97.5267380663
2015-01-12 00:00:00+00:00,97.60579243379999
2015-01-13 00:00:00+00:00,97.63214388959999
2015-01-14 00:00:00+00:00,97.8693069922
2015-01-15 00:00:00+00:00,98.3172817415
2015-01-16 00:00:00+00:00,97.93957754110001
2015-01-20 00:00:00+00:00,98.1064700948
2015-01-21 00:00:00+00:00,97.9307937225
2015-01-22 00:00:00+00:00,97.8780908108
2015-01-23 00:00:00+00:00,98.124037732
2015-01-26 00:00:00+00:00,98.08011863889999
2015-01-27 00:00:00+00:00,98.0274157273
2015-01-28 00:00:00+00:00,98.44025520209999
2015-01-29 00:00:00+00:00,98.36120083459998
2015-01-30 00:00:00+00:00,98.7125535791
2015-02-02 00:00:00+00:00,98.7091559981
2015-02-03 00:00:00+00:00,98.33085887620001
2015-02-04 00:00:00+00:00,98.4804182034
2015-02-05 00:00:00+00:00,98.27807323120001
2015-02-06 00:00:00+00:00,97.7062287446
2015-02-09 00:00:00+00:00,97.6886335296
2015-02-10 00:00:00+00:00,97.5830622398
2015-02-11 00:00:00+00:00,97.5390742024
2015-02-12 00:00:00+00:00,97.5566694173
2015-02-13 00:00:00+00:00,97.44230052
2015-02-17 00:00:00+00:00,97.0464081831
2015-02-18 00:00:00+00:00,97.3191340152
2015-02-19 00:00:00+00:00,97.23995554780001
2015-02-20 00:00:00+00:00,97.25755076280001
2015-02-23 00:00:00+00:00,97.4335029125
2015-02-24 00:00:00+00:00,97.86458567940001
2015-02-25 00:00:00+00:00,97.9349665393
2015-02-26 00:00:00+00:00,97.5830622398
2015-02-27 00:00:00+00:00,97.82939524940001
2015-03-02 00:00:00+00:00,97.3329198661
2015-03-03 00:00:00+00:00,97.2095463145
2015-03-04 00:00:00+00:00,97.2624206938
2015-03-05 00:00:00+00:00,97.3064826765
2015-03-06 00:00:00+00:00,96.6719901251
2015-03-09 00:00:00+00:00,96.9187372284
2015-03-10 00:00:00+00:00,97.1478595386
2015-03-11 00:00:00+00:00,97.3417322627
2015-03-12 00:00:00+00:00,97.4210438316
2015-03-13 00:00:00+00:00,97.2359835041
2015-03-16 00:00:00+00:00,97.44748102129999
2015-03-17 00:00:00+00:00,97.4298562282
2015-03-18 00:00:00+00:00,98.1436603485
2015-03-19 00:00:00+00:00,97.7999768832
2015-03-20 00:00:00+00:00,98.0995983658
2015-03-23 00:00:00+00:00,98.11722315889999
2015-03-24 00:00:00+00:00,98.38159505530001
2015-03-25 00:00:00+00:00,98.19653472780001
2015-03-26 00:00:00+00:00,97.8440388659
2015-03-27 00:00:00+00:00,97.9850372107
2015-03-30 00:00:00+00:00,98.0290991934
2015-03-31 00:00:00+00:00,98.19653472780001
2015-04-01 00:00:00+00:00,98.5144278334
2015-04-02 00:00:00+00:00,98.3819922341
2015-04-06 00:00:00+00:00,98.4437955138
2015-04-07 00:00:00+00:00,98.46145359370001
2015-04-08 00:00:00+00:00,98.47028263360001
2015-04-09 00:00:00+00:00,98.2230695148
2015-04-10 00:00:00+00:00,98.2230695148
2015-04-13 00:00:00+00:00,98.3290179943
2015-04-14 00:00:00+00:00,98.43496647379999
2015-04-15 00:00:00+00:00,98.5674020731
2015-04-16 00:00:00+00:00,98.5144278334
2015-04-17 00:00:00+00:00,98.593889193
2015-04-20 00:00:00+00:00,98.5232568734
2015-04-21 00:00:00+00:00,98.4173083939
2015-04-22 00:00:00+00:00,98.12595007530001
2015-04-23 00:00:00+00:00,98.2760437546
2015-04-24 00:00:00+00:00,98.4437955138
2015-04-27 00:00:00+00:00,98.4791116736
2015-04-28 00:00:00+00:00,98.09946295549999
2015-04-29 00:00:00+00:00,97.87873695649999
2015-04-30 00:00:00+00:00,97.87873695649999
2015-05-01 00:00:00+00:00,97.60155984200001
2015-05-04 00:00:00+00:00,97.4164229335
2015-05-05 00:00:00+00:00,97.32734846299999
2015-05-06 00:00:00+00:00,97.000063914
2015-05-07 00:00:00+00:00,97.23889317950001
2015-05-08 00:00:00+00:00,97.55733220020001
2015-05-11 00:00:00+00:00,96.93814521549999
2015-05-12 00:00:00+00:00,96.92929968719999
2015-05-13 00:00:00+00:00,96.9204541588
2015-05-14 00:00:00+00:00,97.0708281408
2015-05-15 00:00:00+00:00,97.477722445
2015-05-18 00:00:00+00:00,97.10621025420001
2015-05-19 00:00:00+00:00,96.77008017680001
2015-05-20 00:00:00+00:00,96.9204541588
2015-05-21 00:00:00+00:00,97.22120212280001
2015-05-22 00:00:00+00:00,97.1150557826
2015-05-26 00:00:00+00:00,97.3538850481
2015-05-27 00:00:00+00:00,97.45118586
2015-05-28 00:00:00+00:00,97.4158037466
2015-05-29 00:00:00+00:00,97.45118586
2015-06-01 00:00:00+00:00,97.18258343059999
2015-06-02 00:00:00+00:00,96.8015100139
2015-06-03 00:00:00+00:00,96.4204365972
2015-06-04 00:00:00+00:00,96.6242665642
2015-06-05 00:00:00+00:00,96.1988822851
2015-06-08 00:00:00+00:00,96.34067704479999
2015-06-09 00:00:00+00:00,96.06594969790001
2015-06-10 00:00:00+00:00,95.8266710409
2015-06-11 00:00:00+00:00,96.34067704479999
2015-06-12 00:00:00+00:00,96.2254688026
2015-06-15 00:00:00+00:00,96.34067704479999
2015-06-16 00:00:00+00:00,96.50019614950001
2015-06-17 00:00:00+00:00,96.509058322
2015-06-18 00:00:00+00:00,96.48247180450001
2015-06-19 00:00:00+00:00,96.7837856689
2015-06-22 00:00:00+00:00,96.3052283549
2015-06-23 00:00:00+00:00,96.08367404290001
2015-06-24 00:00:00+00:00,96.23433097510001
2015-06-25 00:00:00+00:00,96.12798490530001
2015-06-26 00:00:00+00:00,95.8975684208
2015-06-29 00:00:00+00:00,96.46474745959999
2015-06-30 00:00:00+00:00,96.40271225219999
2015-07-01 00:00:00+00:00,96.160267141
2015-07-02 00:00:00+00:00,96.29346540559999
2015-07-06 00:00:00+00:00,96.6397808935
2015-07-07 00:00:00+00:00,96.772979158
2015-07-08 00:00:00+00:00,97.00385615
2015-07-09 00:00:00+00:00,96.6486607778
2015-07-10 00:00:00+00:00,96.2401860997
2015-07-13 00:00:00+00:00,96.0981079508
2015-07-14 00:00:00+00:00,96.2579458683
2015-07-15 00:00:00+00:00,96.51546251319999
2015-07-16 00:00:00+00:00,96.59538147190001
2015-07-17 00:00:00+00:00,96.60426135620001
2015-07-20 00:00:00+00:00,96.4355435544
2015-07-21 00:00:00+00:00,96.59538147190001
2015-07-22 00:00:00+00:00,96.6397808935
2015-07-23 00:00:00+00:00,96.91505730690001
2015-07-24 00:00:00+00:00,96.8972975383
2015-07-27 00:00:00+00:00,97.0216159186
2015-07-28 00:00:00+00:00,96.92393719120001
2015-07-29 00:00:00+00:00,96.8440182325
2015-07-30 00:00:00+00:00,96.8528981168
2015-07-31 00:00:00+00:00,97.23473314190001
2015-08-03 00:00:00+00:00,97.3349461883
2015-08-04 00:00:00+00:00,97.05023702209999
2015-08-05 00:00:00+00:00,96.8722937932
2015-08-06 00:00:00+00:00,96.98795689200001
2015-08-07 00:00:00+00:00,97.1570029594
2015-08-10 00:00:00+00:00,97.0324426992
2015-08-11 00:00:00+00:00,97.35274051110001
2015-08-12 00:00:00+00:00,97.290460381
2015-08-13 00:00:00+00:00,97.08582566780001
2015-08-14 00:00:00+00:00,97.04133986059999
2015-08-17 00:00:00+00:00,97.210385928
2015-08-18 00:00:00+00:00,97.0324426992
2015-08-19 00:00:00+00:00,97.3349461883
2015-08-20 00:00:00+00:00,97.48619793280001
2015-08-21 00:00:00+00:00,97.6552440002
2015-08-24 00:00:00+00:00,97.61965535440001
2015-08-25 00:00:00+00:00,97.3883291569
2015-08-26 00:00:00+00:00,96.9345739233
2015-08-27 00:00:00+00:00,97.068031345
2015-08-28 00:00:00+00:00,96.9790597305
2015-08-31 00:00:00+00:00,96.90788243899999
2015-09-01 00:00:00+00:00,97.1947180267
2015-09-02 00:00:00+00:00,97.06990367590001
2015-09-03 00:00:00+00:00,97.2125486483
2015-09-04 00:00:00+00:00,97.417600796
2015-09-08 00:00:00+00:00,97.185802716
2015-09-09 00:00:00+00:00,97.22146395909999
2015-09-10 00:00:00+00:00,97.1144802298
2015-09-11 00:00:00+00:00,97.2303792698
2015-09-14 00:00:00+00:00,97.25712520209999
2015-09-15 00:00:00+00:00,96.82027497440001
2015-09-16 00:00:00+00:00,96.7400371774
2015-09-17 00:00:00+00:00,97.3462783099
2015-09-18 00:00:00+00:00,97.42651610680001
2015-09-21 00:00:00+00:00,97.1679720944
2015-09-22 00:00:00+00:00,97.3997701745
2015-09-23 00:00:00+00:00,97.3195323775
2015-09-24 00:00:00+00:00,97.4443467283
2015-09-25 00:00:00+00:00,97.27495582370001
2015-09-28 00:00:00+00:00,97.5067539037
2015-09-29 00:00:00+00:00,97.6583141868
2015-09-30 00:00:00+00:00,97.6939754299
2015-10-01 00:00:00+00:00,97.7698144125
2015-10-02 00:00:00+00:00,98.06457084190001
2015-10-05 00:00:00+00:00,97.6983583084
2015-10-06 00:00:00+00:00,97.93952265969999
2015-10-07 00:00:00+00:00,97.8680665556
2015-10-08 00:00:00+00:00,97.73408636049999
2015-10-09 00:00:00+00:00,97.6536982434
2015-10-12 00:00:00+00:00,97.90379460770001
2015-10-13 00:00:00+00:00,97.9127266207
2015-10-14 00:00:00+00:00,98.2789391541
2015-10-15 00:00:00+00:00,98.144958959
2015-10-16 00:00:00+00:00,98.0467068159
2015-10-19 00:00:00+00:00,98.144958959
2015-10-20 00:00:00+00:00,97.94845467270001
2015-10-21 00:00:00+00:00,98.180687011
2015-10-22 00:00:00+00:00,98.198551037
2015-10-23 00:00:00+00:00,98.0288427898
2015-10-26 00:00:00+00:00,98.0735028549
2015-10-27 00:00:00+00:00,98.2164150631
2015-10-28 00:00:00+00:00,97.9216586337
2015-10-29 00:00:00+00:00,97.50185402219999
2015-10-30 00:00:00+00:00,97.7608823995
2015-11-02 00:00:00+00:00,97.5684957713
2015-11-03 00:00:00+00:00,97.389503851
2015-11-04 00:00:00+00:00,97.389503851
2015-11-05 00:00:00+00:00,97.3447558709
2015-11-06 00:00:00+00:00,96.87937687799999
2015-11-09 00:00:00+00:00,96.8167297059
2015-11-10 00:00:00+00:00,96.99572162620001
2015-11-11 00:00:00+00:00,96.87042728200001
2015-11-12 00:00:00+00:00,96.95992324219999
2015-11-13 00:00:00+00:00,97.1478647585
2015-11-16 00:00:00+00:00,97.22841112270001
2015-11-17 00:00:00+00:00,97.3000078908
2015-11-18 00:00:00+00:00,97.22841112270001
2015-11-19 00:00:00+00:00,97.2731591027
2015-11-20 00:00:00+00:00,97.21051193059999
2015-11-23 00:00:00+00:00,97.2373607187
2015-11-24 00:00:00+00:00,97.3268566788
2015-11-25 00:00:00+00:00,97.3716046589
2015-11-27 00:00:00+00:00,97.3447558709
2015-11-30 00:00:00+00:00,97.38055425489999
2015-12-01 00:00:00+00:00,97.7205279286
2015-12-02 00:00:00+00:00,97.5992977203
2015-12-03 00:00:00+00:00,96.8853864934
2015-12-04 00:00:00+00:00,97.1996870335
2015-12-07 00:00:00+00:00,97.3433672804
2015-12-08 00:00:00+00:00,97.37928734219999
2015-12-09 00:00:00+00:00,97.37928734219999
2015-12-10 00:00:00+00:00,97.36132731129999
2015-12-11 00:00:00+00:00,97.60378772799999
2015-12-14 00:00:00+00:00,97.1458069409
2015-12-15 00:00:00+00:00,97.15478695639999
2015-12-16 00:00:00+00:00,96.9841666632
2015-12-17 00:00:00+00:00,97.11886689469999
2015-12-18 00:00:00+00:00,97.32540724959999
2015-12-21 00:00:00+00:00,97.23560709530001
2015-12-22 00:00:00+00:00,97.1637669718
2015-12-23 00:00:00+00:00,97.1458069409
2015-12-24 00:00:00+00:00,97.1928083417
2015-12-28 00:00:00+00:00,97.1928083417
2015-12-29 00:00:00+00:00,96.94984881709999
2015-12-30 00:00:00+00:00,96.9318518153
2015-12-31 00:00:00+00:00,97.1928083417
2016-01-04 00:00:00+00:00,97.15681433809999
2016-01-05 00:00:00+00:00,97.2018068426
2016-01-06 00:00:00+00:00,97.57074538
2016-01-07 00:00:00+00:00,97.5617468791
2016-01-08 00:00:00+00:00,97.7777109009
2016-01-11 00:00:00+00:00,97.4987573727
2016-01-12 00:00:00+00:00,97.71472139459999
2016-01-13 00:00:00+00:00,97.9396839173
2016-01-14 00:00:00+00:00,97.9036899137
2016-01-15 00:00:00+00:00,98.02067042549999
2016-01-19 00:00:00+00:00,97.92168691549999
2016-01-20 00:00:00+00:00,98.0026734237
2016-01-21 00:00:00+00:00,97.8676959101
2016-01-22 00:00:00+00:00,97.9396839173
2016-01-25 00:00:00+00:00,97.88569291190001
2016-01-26 00:00:00+00:00,98.0116719246
2016-01-27 00:00:00+00:00,98.0296689265
2016-01-28 00:00:00+00:00,98.11065543469999
2016-01-29 00:00:00+00:00,98.39860746379999
2016-02-01 00:00:00+00:00,98.27983805
2016-02-02 00:00:00+00:00,98.57740981399999
2016-02-03 00:00:00+00:00,98.56839248780001
2016-02-04 00:00:00+00:00,98.6675830758
2016-02-05 00:00:00+00:00,98.57740981399999
2016-02-08 00:00:00+00:00,98.95613751360001
2016-02-09 00:00:00+00:00,98.9471201874
2016-02-10 00:00:00+00:00,99.1905879943
2016-02-11 00:00:00+00:00,99.25370927760001
2016-02-12 00:00:00+00:00,98.9831894921
2016-02-16 00:00:00+00:00,98.73972168520001
2016-02-17 00:00:00+00:00,98.6856177281
2016-02-18 00:00:00+00:00,98.9831894921
2016-02-19 00:00:00+00:00,99.00122414450001
2016-02-22 00:00:00+00:00,99.028276123
2016-02-23 00:00:00+00:00,99.0463107754
2016-02-24 00:00:00+00:00,99.08238008010001
2016-02-25 00:00:00+00:00,99.33486521319999
2016-02-26 00:00:00+00:00,99.1545186896
2016-02-29 00:00:00+00:00,99.2717439299
2016-03-01 00:00:00+00:00,98.97463746
2016-03-02 00:00:00+00:00,98.8662117114
2016-03-03 00:00:00+00:00,98.983672939
2016-03-04 00:00:00+00:00,98.8300697953
2016-03-07 00:00:00+00:00,98.8029633581
2016-03-08 00:00:00+00:00,99.0469212923
2016-03-09 00:00:00+00:00,99.00174389709998
2016-03-10 00:00:00+00:00,99.0469212923
2016-03-11 00:00:00+00:00,98.8662117114
2016-03-14 00:00:00+00:00,98.92042458569999
2016-03-15 00:00:00+00:00,98.8300697953
2016-03-16 00:00:00+00:00,99.2547373104
2016-03-17 00:00:00+00:00,99.4625533284
2016-03-18 00:00:00+00:00,99.5438726398
2016-03-21 00:00:00+00:00,99.3270211427
2016-03-22 00:00:00+00:00,99.26377278940001
2016-03-23 00:00:00+00:00,99.4806242865
2016-03-24 00:00:00+00:00,99.4896597655
2016-03-28 00:00:00+00:00,99.56194359790001
2016-03-29 00:00:00+00:00,99.86011440639999
2016-03-30 00:00:00+00:00,99.8239724902
2016-03-31 00:00:00+00:00,100.14021425680001
2016-04-01 00:00:00+00:00,100.05124460530001
2016-04-04 00:00:00+00:00,100.1508341167
2016-04-05 00:00:00+00:00,100.28663799590001
2016-04-06 00:00:00+00:00,100.26853081200001
2016-04-07 00:00:00+00:00,100.4858170187
2016-04-08 00:00:00+00:00,100.38622750729999
2016-04-11 00:00:00+00:00,100.4586562429
2016-04-12 00:00:00+00:00,100.29569158790001
2016-04-13 00:00:00+00:00,100.34095954760001
2016-04-14 00:00:00+00:00,100.1689413006
2016-04-15 00:00:00+00:00,100.4496026509
2016-04-18 00:00:00+00:00,100.44054905899999
2016-04-19 00:00:00+00:00,100.43149546709999
2016-04-20 00:00:00+00:00,100.18704848450001
2016-04-21 00:00:00+00:00,100.05124460530001
2016-04-22 00:00:00+00:00,100.0602981972
2016-04-25 00:00:00+00:00,99.95165509389999
2016-04-26 00:00:00+00:00,99.9063871341
2016-04-27 00:00:00+00:00,100.2051556684
2016-04-28 00:00:00+00:00,100.4043346912
2016-04-29 00:00:00+00:00,100.3952810993
2016-05-02 00:00:00+00:00,100.3230252873
2016-05-03 00:00:00+00:00,100.5089682391
2016-05-04 00:00:00+00:00,100.55432017860001
2016-05-05 00:00:00+00:00,100.8082910396
2016-05-06 00:00:00+00:00,100.6540944454
2016-05-09 00:00:00+00:00,100.71758716059999
2016-05-10 00:00:00+00:00,100.7629391001
2016-05-11 00:00:00+00:00,100.7629391001
2016-05-12 00:00:00+00:00,100.67223522120001
2016-05-13 00:00:00+00:00,100.86271336690001
2016-05-16 00:00:00+00:00,100.690375997
2016-05-17 00:00:00+00:00,100.55432017860001
2016-05-18 00:00:00+00:00,100.1370823355
2016-05-19 00:00:00+00:00,100.2005750507
2016-05-20 00:00:00+00:00,100.26406776600001
2016-05-23 00:00:00+00:00,100.2459269902
2016-05-24 00:00:00+00:00,100.19150466290002
2016-05-25 00:00:00+00:00,100.2096454386
2016-05-26 00:00:00+00:00,100.36384203280001
2016-05-27 00:00:00+00:00,100.345701257
2016-05-31 00:00:00+00:00,100.4091939723
2016-06-01 00:00:00+00:00,100.3531054147
2016-06-02 00:00:00+00:00,100.6075780602
2016-06-03 00:00:00+00:00,101.15287658620001
2016-06-06 00:00:00+00:00,101.01655195469999
2016-06-07 00:00:00+00:00,101.1074350424
2016-06-08 00:00:00+00:00,101.1437882775
2016-06-09 00:00:00+00:00,101.2164947476
2016-06-10 00:00:00+00:00,101.3528193791
2016-06-13 00:00:00+00:00,101.43461415799999
2016-06-14 00:00:00+00:00,101.3891726142
2016-06-15 00:00:00+00:00,101.60729202459999
2016-06-16 00:00:00+00:00,101.670910186
2016-06-17 00:00:00+00:00,101.5982037159
2016-06-20 00:00:00+00:00,101.3164661441
2016-06-21 00:00:00+00:00,101.24375967389999
2016-06-22 00:00:00+00:00,101.3073778353
2016-06-23 00:00:00+00:00,101.1346999687
2016-06-24 00:00:00+00:00,101.6618218772
2016-06-27 00:00:00+00:00,102.0889723893
2016-06-28 00:00:00+00:00,102.21620871209998
2016-06-29 00:00:00+00:00,102.14350224190001
2016-06-30 00:00:00+00:00,102.3525333436
2016-07-01 00:00:00+00:00,102.5729030193
2016-07-05 00:00:00+00:00,102.8460665426
2016-07-06 00:00:00+00:00,103.037281009
2016-07-07 00:00:00+00:00,102.9644374027
2016-07-08 00:00:00+00:00,103.119230066
2016-07-11 00:00:00+00:00,102.8460665426
2016-07-12 00:00:00+00:00,102.5364812162
2016-07-13 00:00:00+00:00,102.68216842860001
2016-07-14 00:00:00+00:00,102.5911139208
2016-07-15 00:00:00+00:00,102.2177904389
2016-07-18 00:00:00+00:00,102.27242314360001
2016-07-19 00:00:00+00:00,102.4454267084
2016-07-20 00:00:00+00:00,102.3543722006
2016-07-21 00:00:00+00:00,102.4454267084
2016-07-22 00:00:00+00:00,102.4636376099
2016-07-25 00:00:00+00:00,102.34526674979999
2016-07-26 00:00:00+00:00,102.34526674979999
2016-07-27 00:00:00+00:00,102.6457466255
2016-07-28 00:00:00+00:00,102.63664117469999
2016-07-29 00:00:00+00:00,102.90980469809999
2016-08-01 00:00:00+00:00,102.6700554474
2016-08-02 00:00:00+00:00,102.3690237433
2016-08-03 00:00:00+00:00,102.4784898176
2016-08-04 00:00:00+00:00,102.6700554474
2016-08-05 00:00:00+00:00,102.3234128791
2016-08-08 00:00:00+00:00,102.387268089
2016-08-09 00:00:00+00:00,102.6518111017
2016-08-10 00:00:00+00:00,102.7703993488
2016-08-11 00:00:00+00:00,102.4967341633
2016-08-12 00:00:00+00:00,102.74303283030001
2016-08-15 00:00:00+00:00,102.5605893732
2016-08-16 00:00:00+00:00,102.4967341633
2016-08-17 00:00:00+00:00,102.6882997931
2016-08-18 00:00:00+00:00,102.8342545588
2016-08-19 00:00:00+00:00,102.6062002375
2016-08-22 00:00:00+00:00,102.76127717600001
2016-08-23 00:00:00+00:00,102.78864369450001
2016-08-24 00:00:00+00:00,102.7521550031
2016-08-25 00:00:00+00:00,102.6426889289
2016-08-26 00:00:00+00:00,102.4784898176
2016-08-29 00:00:00+00:00,102.76127717600001
2016-08-30 00:00:00+00:00,102.7065441389
2016-08-31 00:00:00+00:00,102.6882997931
2016-09-01 00:00:00+00:00,102.7773084825
2016-09-02 00:00:00+00:00,102.6402233298
2016-09-06 00:00:00+00:00,102.8595595742
2016-09-07 00:00:00+00:00,102.9143936352
2016-09-08 00:00:00+00:00,102.5579722382
2016-09-09 00:00:00+00:00,102.1101607394
2016-09-12 00:00:00+00:00,102.192411831
2016-09-13 00:00:00+00:00,101.90910251540001
2016-09-14 00:00:00+00:00,102.03704865799999
2016-09-15 00:00:00+00:00,102.1010217292
2016-09-16 00:00:00+00:00,102.1741338107
2016-09-19 00:00:00+00:00,102.091882719
2016-09-20 00:00:00+00:00,102.12843875979999
2016-09-21 00:00:00+00:00,102.38433104479999
2016-09-22 00:00:00+00:00,102.5945282789
2016-09-23 00:00:00+00:00,102.5671112484
2016-09-26 00:00:00+00:00,102.6950573909
2016-09-27 00:00:00+00:00,102.8230035334
2016-09-28 00:00:00+00:00,102.85042056399999
2016-09-29 00:00:00+00:00,102.85042056399999
2016-09-30 00:00:00+00:00,102.7407524418
2016-10-03 00:00:00+00:00,102.6248240977
2016-10-04 00:00:00+00:00,102.27691230219999
2016-10-05 00:00:00+00:00,102.1395786987
2016-10-06 00:00:00+00:00,102.1395786987
2016-10-07 00:00:00+00:00,102.1578898458
2016-10-10 00:00:00+00:00,102.11211197799999
2016-10-11 00:00:00+00:00,101.9564672274
2016-10-12 00:00:00+00:00,101.9930895217
2016-10-13 00:00:00+00:00,102.1395786987
2016-10-14 00:00:00+00:00,101.96562280100001
2016-10-17 00:00:00+00:00,102.1395786987
2016-10-18 00:00:00+00:00,102.30437902290001
2016-10-19 00:00:00+00:00,102.3593124643
2016-10-20 00:00:00+00:00,102.32269017
2016-10-21 00:00:00+00:00,102.386779185
2016-10-24 00:00:00+00:00,102.2311344344
2016-10-25 00:00:00+00:00,102.2311344344
2016-10-26 00:00:00+00:00,102.0297118159
2016-10-27 00:00:00+00:00,101.7733557561
2016-10-28 00:00:00+00:00,101.7733557561
2016-10-31 00:00:00+00:00,101.901533786
2016-11-01 00:00:00+00:00,101.8463806108
2016-11-02 00:00:00+00:00,101.9656279267
2016-11-03 00:00:00+00:00,101.8280348699
2016-11-04 00:00:00+00:00,102.0390108903
2016-11-07 00:00:00+00:00,101.91976357440001
2016-11-08 00:00:00+00:00,101.7546519063
2016-11-09 00:00:00+00:00,100.80984624989999
2016-11-10 00:00:00+00:00,100.3970670797
2016-11-11 00:00:00+00:00,100.2136096707
2016-11-14 00:00:00+00:00,99.8100033708
2016-11-15 00:00:00+00:00,99.8833863344
2016-11-16 00:00:00+00:00,100.1035352253
2016-11-17 00:00:00+00:00,99.7274475368
2016-11-18 00:00:00+00:00,99.406397071
2016-11-21 00:00:00+00:00,99.4889529051
2016-11-22 00:00:00+00:00,99.58068160959999
2016-11-23 00:00:00+00:00,99.2321125325
2016-11-25 00:00:00+00:00,99.222939662
2016-11-28 00:00:00+00:00,99.5715087391
2016-11-29 00:00:00+00:00,99.68158318450001
2016-11-30 00:00:00+00:00,99.2871497552
2016-12-01 00:00:00+00:00,98.96051668049999
2016-12-02 00:00:00+00:00,99.2729848795
2016-12-05 00:00:00+00:00,99.3556970498
2016-12-06 00:00:00+00:00,99.3373165675
2016-12-07 00:00:00+00:00,99.5946433197
2016-12-08 00:00:00+00:00,99.4108384967
2016-12-09 00:00:00+00:00,99.10756053879999
2016-12-12 00:00:00+00:00,99.0156581273
2016-12-13 00:00:00+00:00,99.14432150340001
2016-12-14 00:00:00+00:00,98.6020972757
2016-12-15 00:00:00+00:00,98.4826241408
2016-12-16 00:00:00+00:00,98.5469558288
2016-12-19 00:00:00+00:00,98.80428258090001
2016-12-20 00:00:00+00:00,98.71238016950001
2016-12-21 00:00:00+00:00,98.9237557159
2016-12-22 00:00:00+00:00,98.9225288187
2016-12-23 00:00:00+00:00,98.95016338299999
2016-12-27 00:00:00+00:00,98.87647121139999
2016-12-28 00:00:00+00:00,99.03306707600001
2016-12-29 00:00:00+00:00,99.33704728379999
2016-12-30 00:00:00+00:00,99.5397007556
2017-01-03 00:00:00+00:00,99.6410274915
2017-01-04 00:00:00+00:00,99.6686620559
2017-01-05 00:00:00+00:00,100.083180521
2017-01-06 00:00:00+00:00,99.75156574889999
2017-01-09 00:00:00+00:00,99.9173731349
2017-01-10 00:00:00+00:00,99.88973857059999
2017-01-11 00:00:00+00:00,100.0094883494
2017-01-12 00:00:00+00:00,100.04633443520001
2017-01-13 00:00:00+00:00,99.8713155277
2017-01-17 00:00:00+00:00,100.2121418212
2017-01-18 00:00:00+00:00,99.7792003132
2017-01-19 00:00:00+00:00,99.5212777127
2017-01-20 00:00:00+00:00,99.5581237985
2017-01-23 00:00:00+00:00,99.83446944190001
2017-01-24 00:00:00+00:00,99.67787357729999
2017-01-25 00:00:00+00:00,99.4107394554
2017-01-26 00:00:00+00:00,99.47522010549999
2017-01-27 00:00:00+00:00,99.5581237985
2017-01-30 00:00:00+00:00,99.5120661913
2017-01-31 00:00:00+00:00,99.75156574889999
2017-02-01 00:00:00+00:00,99.61159668049999
2017-02-02 00:00:00+00:00,99.6669774793
2017-02-03 00:00:00+00:00,99.6946678786
2017-02-06 00:00:00+00:00,99.9808020055
2017-02-07 00:00:00+00:00,100.0823334699
2017-02-08 00:00:00+00:00,100.3684675967
2017-02-09 00:00:00+00:00,100.12848413549999
2017-02-10 00:00:00+00:00,100.1100238692
2017-02-13 00:00:00+00:00,99.9623417392
2017-02-14 00:00:00+00:00,99.7408185442
2017-02-15 00:00:00+00:00,99.5839062811
2017-02-16 00:00:00+00:00,99.796199343
2017-02-17 00:00:00+00:00,100.01772253799999
2017-02-21 00:00:00+00:00,100.0084924049
2017-02-22 00:00:00+00:00,100.0731033367
2017-02-23 00:00:00+00:00,100.23924573299999
2017-02-24 00:00:00+00:00,100.60845105799999
2017-02-27 00:00:00+00:00,100.42384839549999
2017-02-28 00:00:00+00:00,100.3961579961
2017-03-01 00:00:00+00:00,99.9256805735
2017-03-02 00:00:00+00:00,99.7407015276
2017-03-03 00:00:00+00:00,99.81469314600001
2017-03-06 00:00:00+00:00,99.7684483845
2017-03-07 00:00:00+00:00,99.6389630524
2017-03-08 00:00:00+00:00,99.3984902928
2017-03-09 00:00:00+00:00,99.09327486709999
2017-03-10 00:00:00+00:00,99.24125810379999
2017-03-13 00:00:00+00:00,99.0747769625
2017-03-14 00:00:00+00:00,99.1117727717
2017-03-15 00:00:00+00:00,99.68520781389999
2017-03-16 00:00:00+00:00,99.5742203863
2017-03-17 00:00:00+00:00,99.7869462891
2017-03-20 00:00:00+00:00,99.9349295258
2017-03-21 00:00:00+00:00,100.1384064762
2017-03-22 00:00:00+00:00,100.27714076059999
2017-03-23 00:00:00+00:00,100.3048876175
2017-03-24 00:00:00+00:00,100.2216470469
2017-03-27 00:00:00+00:00,100.4621198065
2017-03-28 00:00:00+00:00,100.2308959991
2017-03-29 00:00:00+00:00,100.4528708542
2017-03-30 00:00:00+00:00,100.26789180829999
2017-03-31 00:00:00+00:00,100.3418834267
2017-04-03 00:00:00+00:00,100.71405941709999
2017-04-04 00:00:00+00:00,100.62138061030001
2017-04-05 00:00:00+00:00,100.7325951785
2017-04-06 00:00:00+00:00,100.72332729780001
2017-04-07 00:00:00+00:00,100.50089816139999
2017-04-10 00:00:00+00:00,100.630648491
2017-04-11 00:00:00+00:00,100.9179527922
2017-04-12 00:00:00+00:00,101.14038192870001
2017-04-13 00:00:00+00:00,101.2701322583
2017-04-17 00:00:00+00:00,101.2145249742
2017-04-18 00:00:00+00:00,101.6223117244
2017-04-19 00:00:00+00:00,101.46475775270001
2017-04-20 00:00:00+00:00,101.3072037811
2017-04-21 00:00:00+00:00,101.3350074231
2017-04-24 00:00:00+00:00,101.18672133209999
2017-04-25 00:00:00+00:00,100.8530776274
2017-04-26 00:00:00+00:00,100.98282795700001
2017-04-27 00:00:00+00:00,101.0755067639
2017-04-28 00:00:00+00:00,101.2515964969
2017-05-01 00:00:00+00:00,100.9912988
2017-05-02 00:00:00+00:00,101.130622766
2017-05-03 00:00:00+00:00,101.0284518576
2017-05-04 00:00:00+00:00,100.94485747799999
2017-05-05 00:00:00+00:00,100.9634340068
2017-05-08 00:00:00+00:00,100.7683804544
2017-05-09 00:00:00+00:00,100.77766871879999
2017-05-10 00:00:00+00:00,100.80553351200001
2017-05-11 00:00:00+00:00,100.7962452476
2017-05-12 00:00:00+00:00,101.16777582360001
2017-05-15 00:00:00+00:00,101.130622766
2017-05-16 00:00:00+00:00,101.2606584675
2017-05-17 00:00:00+00:00,101.7808012738
2017-05-18 00:00:00+00:00,101.7250716874
2017-05-19 00:00:00+00:00,101.7250716874
2017-05-22 00:00:00+00:00,101.6600538367
2017-05-23 00:00:00+00:00,101.4650002843
2017-05-24 00:00:00+00:00,101.6414773079
2017-05-25 00:00:00+00:00,101.6879186298
2017-05-26 00:00:00+00:00,101.65076557229999
2017-05-30 00:00:00+00:00,101.84581912459998
2017-05-31 00:00:00+00:00,101.947990033
2017-06-01 00:00:00+00:00,101.9016889638
2017-06-02 00:00:00+00:00,102.23676941709999
2017-06-05 00:00:00+00:00,102.0785369808
2017-06-06 00:00:00+00:00,102.2833083689
2017-06-07 00:00:00+00:00,102.1623070941
2017-06-08 00:00:00+00:00,102.05992140010001
2017-06-09 00:00:00+00:00,101.9761512867
2017-06-12 00:00:00+00:00,101.9761512867
2017-06-13 00:00:00+00:00,102.0040746579
2017-06-14 00:00:00+00:00,102.3298473208
2017-06-15 00:00:00+00:00,102.2646927882
2017-06-16 00:00:00+00:00,102.3298473208
2017-06-19 00:00:00+00:00,102.1902304652
2017-06-20 00:00:00+00:00,102.3484629015
2017-06-21 00:00:00+00:00,102.3670784823
2017-06-22 00:00:00+00:00,102.4136174341
2017-06-23 00:00:00+00:00,102.43223301479999
2017-06-26 00:00:00+00:00,102.5253109185
2017-06-27 00:00:00+00:00,102.21815383639999
2017-06-28 00:00:00+00:00,102.25538499780001
2017-06-29 00:00:00+00:00,102.05992140010001
2017-06-30 00:00:00+00:00,101.9296123349
2017-07-03 00:00:00+00:00,101.74826679360001
2017-07-05 00:00:00+00:00,101.8042288067
2017-07-06 00:00:00+00:00,101.6083617609
2017-07-07 00:00:00+00:00,101.57105375209998
2017-07-10 00:00:00+00:00,101.61768876299999
2017-07-11 00:00:00+00:00,101.7109587849
2017-07-12 00:00:00+00:00,102.0187498568
2017-07-13 00:00:00+00:00,101.9068258307
2017-07-14 00:00:00+00:00,102.00942285459999
2017-07-17 00:00:00+00:00,102.0560578656
2017-07-18 00:00:00+00:00,102.2892329201
2017-07-19 00:00:00+00:00,102.3172139266
2017-07-20 00:00:00+00:00,102.34519493319999
2017-07-21 00:00:00+00:00,102.52240797459999
2017-07-24 00:00:00+00:00,102.4291379528
2017-07-25 00:00:00+00:00,102.0653848677
2017-07-26 00:00:00+00:00,102.2612519135
2017-07-27 00:00:00+00:00,102.11201987860001
2017-07-28 00:00:00+00:00,102.3172139266
2017-07-31 00:00:00+00:00,102.2705789157
2017-08-01 00:00:00+00:00,102.5129364039
2017-08-02 00:00:00+00:00,102.4755502126
2017-08-03 00:00:00+00:00,102.6811742645
2017-08-04 00:00:00+00:00,102.5129364039
2017-08-07 00:00:00+00:00,102.5035898561
2017-08-08 00:00:00+00:00,102.41012437799999
2017-08-09 00:00:00+00:00,102.5035898561
2017-08-10 00:00:00+00:00,102.60640188200001
2017-08-11 00:00:00+00:00,102.6905208123
2017-08-14 00:00:00+00:00,102.6437880733
2017-08-15 00:00:00+00:00,102.4942433083
2017-08-16 00:00:00+00:00,102.6811742645
2017-08-17 00:00:00+00:00,102.8307190295
2017-08-18 00:00:00+00:00,102.7652931948
2017-08-21 00:00:00+00:00,102.8400655773
2017-08-22 00:00:00+00:00,102.7466000992
2017-08-23 00:00:00+00:00,102.9802637945
2017-08-24 00:00:00+00:00,102.8494121251
2017-08-25 00:00:00+00:00,102.9241845076
2017-08-28 00:00:00+00:00,102.96157069889999
2017-08-29 00:00:00+00:00,103.11111546389999
2017-08-30 00:00:00+00:00,103.09242236819999
2017-08-31 00:00:00+00:00,103.23262058540001
2017-09-01 00:00:00+00:00,102.99871761850001
2017-09-05 00:00:00+00:00,103.420190956
2017-09-06 00:00:00+00:00,103.307798066
2017-09-07 00:00:00+00:00,103.5606820685
2017-09-08 00:00:00+00:00,103.4389231044
2017-09-11 00:00:00+00:00,103.1579408793
2017-09-12 00:00:00+00:00,103.0080836927
2017-09-13 00:00:00+00:00,102.9050568768
2017-09-14 00:00:00+00:00,102.9612533218
2017-09-15 00:00:00+00:00,102.9425211735
2017-09-18 00:00:00+00:00,102.8956908027
2017-09-19 00:00:00+00:00,102.8394943577
2017-09-20 00:00:00+00:00,102.7551996902
2017-09-21 00:00:00+00:00,102.7364675418
2017-09-22 00:00:00+00:00,102.8113961352
2017-09-25 00:00:00+00:00,103.05491406350001
2017-09-26 00:00:00+00:00,103.0174497668
2017-09-27 00:00:00+00:00,102.7177353935
2017-09-28 00:00:00+00:00,102.72710146760001
2017-09-29 00:00:00+00:00,102.6428068001
2017-10-02 00:00:00+00:00,102.70582455700001
2017-10-03 00:00:00+00:00,102.7902943021
2017-10-04 00:00:00+00:00,102.7621377204
2017-10-05 00:00:00+00:00,102.7152100842
2017-10-06 00:00:00+00:00,102.5650416484
2017-10-09 00:00:00+00:00,102.70582455700001
2017-10-10 00:00:00+00:00,102.7152100842
2017-10-11 00:00:00+00:00,102.7339811387
2017-10-12 00:00:00+00:00,102.85599299280001
2017-10-13 00:00:00+00:00,103.1094022282
2017-10-16 00:00:00+00:00,103.00616142860001
2017-10-17 00:00:00+00:00,102.9686193196
2017-10-18 00:00:00+00:00,102.8090653566
2017-10-19 00:00:00+00:00,102.88414957450001
2017-10-20 00:00:00+00:00,102.5838127029
2017-10-23 00:00:00+00:00,102.69643902969999
2017-10-24 00:00:00+00:00,102.4805719033
2017-10-25 00:00:00+00:00,102.4148732126
2017-10-26 00:00:00+00:00,102.3022468858
2017-10-27 00:00:00+00:00,102.52749953950001
2017-10-30 00:00:00+00:00,102.8090653566
2017-10-31 00:00:00+00:00,102.7433666659
2017-11-01 00:00:00+00:00,102.7884153195
2017-11-02 00:00:00+00:00,102.84484596200001
2017-11-03 00:00:00+00:00,102.93889703290002
2017-11-06 00:00:00+00:00,103.03294810370001
2017-11-07 00:00:00+00:00,103.061163425
2017-11-08 00:00:00+00:00,102.9953276754
2017-11-09 00:00:00+00:00,102.92008681870001
2017-11-10 00:00:00+00:00,102.50626210700001
2017-11-13 00:00:00+00:00,102.50626210700001
2017-11-14 00:00:00+00:00,102.609718285
2017-11-15 00:00:00+00:00,102.8072255337
2017-11-16 00:00:00+00:00,102.69436424870001
2017-11-17 00:00:00+00:00,102.8072255337
2017-11-20 00:00:00+00:00,102.7507948912
2017-11-21 00:00:00+00:00,102.8542510691
2017-11-22 00:00:00+00:00,103.03294810370001
2017-11-24 00:00:00+00:00,103.0141378896
2017-11-27 00:00:00+00:00,103.0141378896
2017-11-28 00:00:00+00:00,103.0141378896
2017-11-29 00:00:00+00:00,102.7601999983
2017-11-30 00:00:00+00:00,102.5909080708
2017-12-01 00:00:00+00:00,102.8832912183
2017-12-04 00:00:00+00:00,102.8738662191
2017-12-05 00:00:00+00:00,102.9775412102
2017-12-06 00:00:00+00:00,103.0812162014
2017-12-07 00:00:00+00:00,102.94926621260001
2017-12-08 00:00:00+00:00,102.9115662159
2017-12-11 00:00:00+00:00,102.8738662191
2017-12-12 00:00:00+00:00,102.8267412231
2017-12-13 00:00:00+00:00,103.1189161982
2017-12-14 00:00:00+00:00,103.1471911957
2017-12-15 00:00:00+00:00,103.1754661933
2017-12-18 00:00:00+00:00,103.0435162046
2017-12-19 00:00:00+00:00,102.7419162303
2017-12-20 00:00:00+00:00,102.5062912505
2017-12-21 00:00:00+00:00,102.5971557827
2017-12-22 00:00:00+00:00,102.64429654530001
2017-12-26 00:00:00+00:00,102.72914991809999
2017-12-27 00:00:00+00:00,103.04970710389999
2017-12-28 00:00:00+00:00,102.9742818837
2017-12-29 00:00:00+00:00,103.0779915615
2018-01-02 00:00:00+00:00,102.92714112110001
2018-01-03 00:00:00+00:00,102.9365692736
2018-01-04 00:00:00+00:00,102.8705722059
2018-01-05 00:00:00+00:00,102.8045751383
2018-01-08 00:00:00+00:00,102.7762906807
2018-01-09 00:00:00+00:00,102.4934461049
2018-01-10 00:00:00+00:00,102.4934461049
2018-01-11 00:00:00+00:00,102.5405868675
2018-01-12 00:00:00+00:00,102.5217305625
2018-01-16 00:00:00+00:00,102.5500150201
2018-01-17 00:00:00+00:00,102.4368771898
2018-01-18 00:00:00+00:00,102.2106015292
2018-01-19 00:00:00+00:00,101.9937540211
2018-01-22 00:00:00+00:00,101.956041411
2018-01-23 00:00:00+00:00,102.2011733766
2018-01-24 00:00:00+00:00,102.0974636988
2018-01-25 00:00:00+00:00,102.3614519696
2018-01-26 00:00:00+00:00,102.172888919
2018-01-29 00:00:00+00:00,101.9937540211
2018-01-30 00:00:00+00:00,101.8334754281
2018-01-31 00:00:00+00:00,101.9183288009
2018-02-01 00:00:00+00:00,101.5994969669
2018-02-02 00:00:00+00:00,101.29711751159999
2018-02-05 00:00:00+00:00,101.70343990459999
2018-02-06 00:00:00+00:00,101.4105098074
2018-02-07 00:00:00+00:00,101.1837252159
2018-02-08 00:00:00+00:00,101.01363677229999
2018-02-09 00:00:00+00:00,100.8813457607
2018-02-12 00:00:00+00:00,100.90969383459999
2018-02-13 00:00:00+00:00,100.9380419085
2018-02-14 00:00:00+00:00,100.5978650214
2018-02-15 00:00:00+00:00,100.7207066751
2018-02-16 00:00:00+00:00,100.9191431926
2018-02-20 00:00:00+00:00,100.81520025479999
2018-02-21 00:00:00+00:00,100.49392208360001
2018-02-22 00:00:00+00:00,100.5033714416
2018-02-23 00:00:00+00:00,100.75850410700001
2018-02-26 00:00:00+00:00,100.8340989708
2018-02-27 00:00:00+00:00,100.61676373729999
2018-02-28 00:00:00+00:00,100.89079511860001
2018-03-01 00:00:00+00:00,100.9806169358
2018-03-02 00:00:00+00:00,100.81962373620001
2018-03-05 00:00:00+00:00,100.76280260690001
2018-03-06 00:00:00+00:00,100.7817429833
2018-03-07 00:00:00+00:00,100.76280260690001
2018-03-08 00:00:00+00:00,100.9237958065
2018-03-09 00:00:00+00:00,100.7343920422
2018-03-12 00:00:00+00:00,100.79121317149999
2018-03-13 00:00:00+00:00,100.9237958065
2018-03-14 00:00:00+00:00,101.09425919440001
2018-03-15 00:00:00+00:00,101.10372938260001
2018-03-16 00:00:00+00:00,101.0469082533
2018-03-19 00:00:00+00:00,100.942736183
2018-03-20 00:00:00+00:00,100.7817429833
2018-03-21 00:00:00+00:00,100.77227279510001
2018-03-22 00:00:00+00:00,100.9616765594
2018-03-23 00:00:00+00:00,100.9616765594
2018-03-26 00:00:00+00:00,100.9237958065
2018-03-27 00:00:00+00:00,101.2173716412
2018-03-28 00:00:00+00:00,101.2741927705
2018-03-29 00:00:00+00:00,101.5677686052
2018-04-02 00:00:00+00:00,101.4667823061
2018-04-03 00:00:00+00:00,101.35288133440001
2018-04-04 00:00:00+00:00,101.390848325
2018-04-05 00:00:00+00:00,101.2484721103
2018-04-06 00:00:00+00:00,101.47627405370001
2018-04-09 00:00:00+00:00,101.5616997825
2018-04-10 00:00:00+00:00,101.48576580139999
2018-04-11 00:00:00+00:00,101.57119153020001
2018-04-12 00:00:00+00:00,101.3433895867
2018-04-13 00:00:00+00:00,101.37186482969999
2018-04-16 00:00:00+00:00,101.390848325
2018-04-17 00:00:00+00:00,101.41932356790001
2018-04-18 00:00:00+00:00,101.13457113860001
2018-04-19 00:00:00+00:00,100.8877856999
2018-04-20 00:00:00+00:00,100.6125250182
2018-04-23 00:00:00+00:00,100.56506628
2018-04-24 00:00:00+00:00,100.43218181299999
2018-04-25 00:00:00+00:00,100.299297346
2018-04-26 00:00:00+00:00,100.47014880360001
2018-04-27 00:00:00+00:00,100.59354152290001
2018-04-30 00:00:00+00:00,100.6125250182
2018-05-01 00:00:00+00:00,100.5271600366
2018-05-02 00:00:00+00:00,100.5271600366
2018-05-03 00:00:00+00:00,100.6413197717
2018-05-04 00:00:00+00:00,100.70791295049999
2018-05-07 00:00:00+00:00,100.6603463942
2018-05-08 00:00:00+00:00,100.5461866591
2018-05-09 00:00:00+00:00,100.4320269241
2018-05-10 00:00:00+00:00,100.6603463942
2018-05-11 00:00:00+00:00,100.70791295049999
2018-05-14 00:00:00+00:00,100.6127798379
2018-05-15 00:00:00+00:00,100.1656542089
2018-05-16 00:00:00+00:00,100.05149447379999
2018-05-17 00:00:00+00:00,99.9183081163
2018-05-18 00:00:00+00:00,100.1751675202
2018-05-21 00:00:00+00:00,100.18468083139999
2018-05-22 00:00:00+00:00,100.18468083139999
2018-05-23 00:00:00+00:00,100.4605668578
2018-05-24 00:00:00+00:00,100.7364528842
2018-05-25 00:00:00+00:00,100.9552590431
2018-05-29 00:00:00+00:00,101.621190831
2018-05-30 00:00:00+00:00,101.36433142709998
2018-05-31 00:00:00+00:00,101.2787116258
2018-06-01 00:00:00+00:00,101.15435076709998
2018-06-04 00:00:00+00:00,100.9159591033
2018-06-05 00:00:00+00:00,100.9922444357
2018-06-06 00:00:00+00:00,100.7633884385
2018-06-07 00:00:00+00:00,100.9827087692
2018-06-08 00:00:00+00:00,100.8396737709
2018-06-11 00:00:00+00:00,100.73478143879998
2018-06-12 00:00:00+00:00,100.7633884385
2018-06-13 00:00:00+00:00,100.668031773
2018-06-14 00:00:00+00:00,100.9254947699
2018-06-15 00:00:00+00:00,100.9636374361
2018-06-18 00:00:00+00:00,100.9827087692
2018-06-19 00:00:00+00:00,101.08760110120001
2018-06-20 00:00:00+00:00,100.89688777020001
2018-06-21 00:00:00+00:00,100.9254947699
2018-06-22 00:00:00+00:00,101.0208514354
2018-06-25 00:00:00+00:00,100.9636374361
2018-06-26 00:00:00+00:00,101.1257437674
2018-06-27 00:00:00+00:00,101.30692143190001
2018-06-28 00:00:00+00:00,101.2973857653
2018-06-29 00:00:00+00:00,101.3832067643
2018-07-02 00:00:00+00:00,101.2870519635
2018-07-03 00:00:00+00:00,101.497290207
2018-07-05 00:00:00+00:00,101.592853045
2018-07-06 00:00:00+00:00,101.6979721668
2018-07-09 00:00:00+00:00,101.6024093288
2018-07-10 00:00:00+00:00,101.5259590584
2018-07-11 00:00:00+00:00,101.5641841936
2018-07-12 00:00:00+00:00,101.68841588299999
2018-07-13 00:00:00+00:00,101.7839787209
2018-07-16 00:00:00+00:00,101.66930331540001
2018-07-17 00:00:00+00:00,101.6310781802
2018-07-18 00:00:00+00:00,101.6024093288
2018-07-19 00:00:00+00:00,101.75530986950001
2018-07-20 00:00:00+00:00,101.55462790979999
2018-07-23 00:00:00+00:00,101.20104540930001
2018-07-24 00:00:00+00:00,101.34438966629999
2018-07-25 00:00:00+00:00,101.3539459501
2018-07-26 00:00:00+00:00,101.2966082473
2018-07-27 00:00:00+00:00,101.3730585177
2018-07-30 00:00:00+00:00,101.2679393959
2018-07-31 00:00:00+00:00,101.3539459501
2018-08-01 00:00:00+00:00,101.2500471657
2018-08-02 00:00:00+00:00,101.2883631722
2018-08-03 00:00:00+00:00,101.50868020959999
2018-08-06 00:00:00+00:00,101.57573322100001
2018-08-07 00:00:00+00:00,101.3937321901
2018-08-08 00:00:00+00:00,101.3937321901
2018-08-09 00:00:00+00:00,101.53741721450001
2018-08-10 00:00:00+00:00,101.7577342518
2018-08-13 00:00:00+00:00,101.81520826159999
2018-08-14 00:00:00+00:00,101.7194182453
2018-08-15 00:00:00+00:00,101.86310326969999
2018-08-16 00:00:00+00:00,101.9205772794
2018-08-17 00:00:00+00:00,101.9780512892
2018-08-20 00:00:00+00:00,102.1792103233
2018-08-21 00:00:00+00:00,102.0929993086
2018-08-22 00:00:00+00:00,102.1792103233
2018-08-23 00:00:00+00:00,102.12173631350001
2018-08-24 00:00:00+00:00,102.236684333
2018-08-27 00:00:00+00:00,102.1025783103
2018-08-28 00:00:00+00:00,101.9109982778
2018-08-29 00:00:00+00:00,101.89184027450001
2018-08-30 00:00:00+00:00,101.9397352827
2018-08-31 00:00:00+00:00,101.93015628100001
2018-09-04 00:00:00+00:00,101.8175302115
2018-09-05 00:00:00+00:00,101.7695302444
2018-09-06 00:00:00+00:00,101.942330126
2018-09-07 00:00:00+00:00,101.577530376
2018-09-10 00:00:00+00:00,101.67353031020001
2018-09-11 00:00:00+00:00,101.50073042870001
2018-09-12 00:00:00+00:00,101.5679303826
2018-09-13 00:00:00+00:00,101.6351303366
2018-09-14 00:00:00+00:00,101.4431304682
2018-09-17 00:00:00+00:00,101.4431304682
2018-09-18 00:00:00+00:00,101.22233061950001
2018-09-19 00:00:00+00:00,101.03033075110001
2018-09-20 00:00:00+00:00,101.164730659
2018-09-21 00:00:00+00:00,101.24153060639999
2018-09-24 00:00:00+00:00,101.1455306722
2018-09-25 00:00:00+00:00,101.0975307051
2018-09-26 00:00:00+00:00,101.3375305406
2018-09-27 00:00:00+00:00,101.4047304945
2018-09-28 00:00:00+00:00,101.2991305669
2018-10-01 00:00:00+00:00,101.2718329856
2018-10-02 00:00:00+00:00,101.3873082798
2018-10-03 00:00:00+00:00,100.9061612207
2018-10-04 00:00:00+00:00,100.61747298530001
2018-10-05 00:00:00+00:00,100.3961453381
2018-10-08 00:00:00+00:00,100.3576535734
2018-10-09 00:00:00+00:00,100.5019976911
2018-10-10 00:00:00+00:00,100.4731288676
2018-10-11 00:00:00+00:00,100.7714400442
2018-10-12 00:00:00+00:00,100.80030886770001
2018-10-15 00:00:00+00:00,100.73294827950001
2018-10-16 00:00:00+00:00,100.79068592649999
2018-10-17 00:00:00+00:00,100.5886041618
2018-10-18 00:00:00+00:00,100.5212435735
2018-10-19 00:00:00+00:00,100.43463710290001
2018-10-22 00:00:00+00:00,100.4153912205
2018-10-23 00:00:00+00:00,100.5404894558
2018-10-24 00:00:00+00:00,100.80030886770001
2018-10-25 00:00:00+00:00,100.7137023971
2018-10-26 00:00:00+00:00,100.94465298540001
2018-10-29 00:00:00+00:00,100.8388006325
2018-10-30 00:00:00+00:00,100.6944565147
2018-10-31 00:00:00+00:00,100.64634180879999
2018-11-01 00:00:00+00:00,100.6524427535
2018-11-02 00:00:00+00:00,100.35339869319999
2018-11-05 00:00:00+00:00,100.4209247714
2018-11-06 00:00:00+00:00,100.430571354
2018-11-07 00:00:00+00:00,100.5173905973
2018-11-08 00:00:00+00:00,100.334105528
2018-11-09 00:00:00+00:00,100.4595111017
2018-11-12 00:00:00+00:00,100.6235030058
2018-11-13 00:00:00+00:00,100.66208933610001
2018-11-14 00:00:00+00:00,100.67173591870001
2018-11-15 00:00:00+00:00,100.7971414924
2018-11-16 00:00:00+00:00,100.9611333965
2018-11-19 00:00:00+00:00,100.95148681389999
2018-11-20 00:00:00+00:00,100.91290048350001
2018-11-21 00:00:00+00:00,100.9804265616
2018-11-23 00:00:00+00:00,100.95148681389999
2018-11-26 00:00:00+00:00,100.93219364870001
2018-11-27 00:00:00+00:00,100.9611333965
2018-11-28 00:00:00+00:00,101.1540650483
2018-11-29 00:00:00+00:00,101.2022979612
2018-11-30 00:00:00+00:00,101.17335821350001
2018-12-03 00:00:00+00:00,101.3386890632
2018-12-04 00:00:00+00:00,101.6094412859
2018-12-06 00:00:00+00:00,101.8608540641
2018-12-07 00:00:00+00:00,101.99623017540002
2018-12-10 00:00:00+00:00,102.0639182311
2018-12-11 00:00:00+00:00,102.09292739780001
2018-12-12 00:00:00+00:00,102.01556961989999
2018-12-13 00:00:00+00:00,102.0445787866
2018-12-14 00:00:00+00:00,102.0735879533
2018-12-17 00:00:00+00:00,102.2476429536
2018-12-18 00:00:00+00:00,102.5470127193
2018-12-19 00:00:00+00:00,102.6439014312
2018-12-20 00:00:00+00:00,102.5470127193
2018-12-21 00:00:00+00:00,102.4985683633
2018-12-24 00:00:00+00:00,102.5663904617
2018-12-26 00:00:00+00:00,102.37261303780001
2018-12-27 00:00:00+00:00,102.5373238481
2018-12-28 00:00:00+00:00,102.91518982459999
2018-12-31 00:00:00+00:00,103.17678934690001
