date,SPY
2010-01-04 00:00:00+00:00,92.2028124792
2010-01-05 00:00:00+00:00,92.44688592620001
2010-01-06 00:00:00+00:00,92.5119721787
2010-01-07 00:00:00+00:00,92.90248969379999
2010-01-08 00:00:00+00:00,93.2116493933
2010-01-11 00:00:00+00:00,93.3418218984
2010-01-12 00:00:00+00:00,92.4712932709
2010-01-13 00:00:00+00:00,93.25232830110001
2010-01-14 00:00:00+00:00,93.50453752969999
2010-01-15 00:00:00+00:00,92.4550217077
2010-01-19 00:00:00+00:00,93.61030269
2010-01-20 00:00:00+00:00,92.6584162469
2010-01-21 00:00:00+00:00,90.8766800841
2010-01-22 00:00:00+00:00,88.85087047430001
2010-01-25 00:00:00+00:00,89.30647424200001
2010-01-26 00:00:00+00:00,88.93222829
2010-01-27 00:00:00+00:00,89.3552889314
2010-01-28 00:00:00+00:00,88.3301804541
2010-01-29 00:00:00+00:00,87.3701582294
2010-02-01 00:00:00+00:00,88.72883375079999
2010-02-02 00:00:00+00:00,89.8027569175
2010-02-03 00:00:00+00:00,89.3552889314
2010-02-04 00:00:00+00:00,86.59725898069999
2010-02-05 00:00:00+00:00,86.7762461752
2010-02-08 00:00:00+00:00,86.1497909947
2010-02-09 00:00:00+00:00,87.23184994280001
2010-02-10 00:00:00+00:00,87.06099853
2010-02-11 00:00:00+00:00,87.9722060653
2010-02-12 00:00:00+00:00,87.89898403120002
2010-02-16 00:00:00+00:00,89.2820668973
2010-02-17 00:00:00+00:00,89.70512753870001
2010-02-18 00:00:00+00:00,90.2339533404
2010-02-19 00:00:00+00:00,90.42107631639999
2010-02-22 00:00:00+00:00,90.4373478796
2010-02-23 00:00:00+00:00,89.3390173682
2010-02-24 00:00:00+00:00,90.1607313063
2010-02-25 00:00:00+00:00,90.0386945829
2010-02-26 00:00:00+00:00,90.0956450538
2010-03-01 00:00:00+00:00,91.03125993379999
2010-03-02 00:00:00+00:00,91.2834691623
2010-03-03 00:00:00+00:00,91.364826978
2010-03-04 00:00:00+00:00,91.64144355120001
2010-03-05 00:00:00+00:00,92.9513043832
2010-03-08 00:00:00+00:00,92.96757594639999
2010-03-09 00:00:00+00:00,93.1221557961
2010-03-10 00:00:00+00:00,93.5370806559
2010-03-11 00:00:00+00:00,93.9275981711
2010-03-12 00:00:00+00:00,93.9357339526
2010-03-15 00:00:00+00:00,93.9601412973
2010-03-16 00:00:00+00:00,94.70863320129999
2010-03-17 00:00:00+00:00,95.2700021293
2010-03-18 00:00:00+00:00,95.22118743989999
2010-03-19 00:00:00+00:00,94.7414854873
2010-03-22 00:00:00+00:00,95.2479933859
2010-03-23 00:00:00+00:00,95.9178909292
2010-03-24 00:00:00+00:00,95.4522304418
2010-03-25 00:00:00+00:00,95.2970102793
2010-03-26 00:00:00+00:00,95.23982390370001
2010-03-29 00:00:00+00:00,95.8443655891
2010-03-30 00:00:00+00:00,95.90972144700001
2010-03-31 00:00:00+00:00,95.5829421576
2010-04-01 00:00:00+00:00,96.23650073639999
2010-04-05 00:00:00+00:00,97.02077103100001
2010-04-06 00:00:00+00:00,97.2495165336
2010-04-07 00:00:00+00:00,96.6939917416
2010-04-08 00:00:00+00:00,97.0289405133
2010-04-09 00:00:00+00:00,97.66616012770001
2010-04-12 00:00:00+00:00,97.82138029010001
2010-04-13 00:00:00+00:00,97.8949056303
2010-04-14 00:00:00+00:00,99.0059552143
2010-04-15 00:00:00+00:00,99.0876500367
2010-04-16 00:00:00+00:00,97.51093996520001
2010-04-19 00:00:00+00:00,97.8785666658
2010-04-20 00:00:00+00:00,98.752701265
2010-04-21 00:00:00+00:00,98.5729726558
2010-04-22 00:00:00+00:00,98.8670740163
2010-04-23 00:00:00+00:00,99.51246311290001
2010-04-26 00:00:00+00:00,99.1366669301
2010-04-27 00:00:00+00:00,96.7920255284
2010-04-28 00:00:00+00:00,97.52727892969999
2010-04-29 00:00:00+00:00,98.73636230049999
2010-04-30 00:00:00+00:00,97.06161844219999
2010-05-03 00:00:00+00:00,98.3197187065
2010-05-04 00:00:00+00:00,96.0077552338
2010-05-05 00:00:00+00:00,95.43589147729999
2010-05-06 00:00:00+00:00,92.26776626629999
2010-05-07 00:00:00+00:00,90.8936593543
2010-05-10 00:00:00+00:00,94.8967056498
2010-05-11 00:00:00+00:00,94.627112736
2010-05-12 00:00:00+00:00,95.9505688582
2010-05-13 00:00:00+00:00,94.7578244518
2010-05-14 00:00:00+00:00,93.0422331823
2010-05-17 00:00:00+00:00,93.0912500757
2010-05-18 00:00:00+00:00,91.8249803291
2010-05-19 00:00:00+00:00,91.3021334661
2010-05-20 00:00:00+00:00,87.8546119626
2010-05-21 00:00:00+00:00,89.13722067360001
2010-05-24 00:00:00+00:00,87.9934931606
2010-05-25 00:00:00+00:00,88.08335746520001
2010-05-26 00:00:00+00:00,87.55234111989999
2010-05-27 00:00:00+00:00,90.4851852425
2010-05-28 00:00:00+00:00,89.3496272117
2010-06-01 00:00:00+00:00,87.84644248040001
2010-06-02 00:00:00+00:00,90.13389750639999
2010-06-03 00:00:00+00:00,90.44433783129999
2010-06-04 00:00:00+00:00,87.2664092416
2010-06-07 00:00:00+00:00,86.1798681043
2010-06-08 00:00:00+00:00,87.10301959690001
2010-06-09 00:00:00+00:00,86.63735910950001
2010-06-10 00:00:00+00:00,89.1698986025
2010-06-11 00:00:00+00:00,89.602881161
2010-06-14 00:00:00+00:00,89.46399996299999
2010-06-15 00:00:00+00:00,91.49820103969999
2010-06-16 00:00:00+00:00,91.46552311079999
2010-06-17 00:00:00+00:00,91.612573791
2010-06-18 00:00:00+00:00,91.7116532716
2010-06-21 00:00:00+00:00,91.4489867626
2010-06-22 00:00:00+00:00,89.938654336
2010-06-23 00:00:00+00:00,89.65957117030001
2010-06-24 00:00:00+00:00,88.17386372889999
2010-06-25 00:00:00+00:00,88.54323850719999
2010-06-28 00:00:00+00:00,88.2641553414
2010-06-29 00:00:00+00:00,85.5389903108
2010-06-30 00:00:00+00:00,84.7263657987
2010-07-01 00:00:00+00:00,84.3487826921
2010-07-02 00:00:00+00:00,83.88911630140001
2010-07-06 00:00:00+00:00,84.4390743045
2010-07-07 00:00:00+00:00,87.0985727078
2010-07-08 00:00:00+00:00,87.9604471904
2010-07-09 00:00:00+00:00,88.6171134628
2010-07-12 00:00:00+00:00,88.67457176159999
2010-07-13 00:00:00+00:00,90.0125292917
2010-07-14 00:00:00+00:00,90.0043209633
2010-07-15 00:00:00+00:00,90.02894594850001
2010-07-16 00:00:00+00:00,87.55003077010001
2010-07-19 00:00:00+00:00,88.06715545959999
2010-07-20 00:00:00+00:00,89.04394653989999
2010-07-21 00:00:00+00:00,87.8865722347
2010-07-22 00:00:00+00:00,89.8483627236
2010-07-23 00:00:00+00:00,90.6281539221
2010-07-26 00:00:00+00:00,91.5721116887
2010-07-27 00:00:00+00:00,91.5639033603
2010-07-28 00:00:00+00:00,90.9729037151
2010-07-29 00:00:00+00:00,90.52965398120001
2010-07-30 00:00:00+00:00,90.51323732440001
2010-08-02 00:00:00+00:00,92.5571110973
2010-08-03 00:00:00+00:00,92.1138613634
2010-08-04 00:00:00+00:00,92.7294859938
2010-08-05 00:00:00+00:00,92.63098605299999
2010-08-06 00:00:00+00:00,92.25340294629999
2010-08-09 00:00:00+00:00,92.7459026506
2010-08-10 00:00:00+00:00,92.24519461790001
2010-08-11 00:00:00+00:00,89.7170294691
2010-08-12 00:00:00+00:00,89.16707146590001
2010-08-13 00:00:00+00:00,88.90440495700001
2010-08-16 00:00:00+00:00,88.863363315
2010-08-17 00:00:00+00:00,89.9550709928
2010-08-18 00:00:00+00:00,90.119237561
2010-08-19 00:00:00+00:00,88.55144683559999
2010-08-20 00:00:00+00:00,88.2641553414
2010-08-23 00:00:00+00:00,87.92761387680001
2010-08-24 00:00:00+00:00,86.6224896603
2010-08-25 00:00:00+00:00,86.9590311249
2010-08-26 00:00:00+00:00,86.3762398082
2010-08-27 00:00:00+00:00,87.7141973382
2010-08-30 00:00:00+00:00,86.44190643540001
2010-08-31 00:00:00+00:00,86.44190643540001
2010-09-01 00:00:00+00:00,89.0275298831
2010-09-02 00:00:00+00:00,89.856571052
2010-09-03 00:00:00+00:00,91.02215368549999
2010-09-07 00:00:00+00:00,89.9961126349
2010-09-08 00:00:00+00:00,90.6281539221
2010-09-09 00:00:00+00:00,91.0467786707
2010-09-10 00:00:00+00:00,91.5064450614
2010-09-13 00:00:00+00:00,92.52427778370001
2010-09-14 00:00:00+00:00,92.4668194848
2010-09-15 00:00:00+00:00,92.8197776063
2010-09-16 00:00:00+00:00,92.7951526211
2010-09-17 00:00:00+00:00,92.82973430860001
2010-09-20 00:00:00+00:00,94.24912397
2010-09-21 00:00:00+00:00,94.0593218641
2010-09-22 00:00:00+00:00,93.5971949976
2010-09-23 00:00:00+00:00,92.8379865741
2010-09-24 00:00:00+00:00,94.7525121639
2010-09-27 00:00:00+00:00,94.29863756290001
2010-09-28 00:00:00+00:00,94.6287281818
2010-09-29 00:00:00+00:00,94.4636828723
2010-09-30 00:00:00+00:00,94.18310584620001
2010-10-01 00:00:00+00:00,94.579214589
2010-10-04 00:00:00+00:00,93.8695197583
2010-10-05 00:00:00+00:00,95.7592885516
2010-10-06 00:00:00+00:00,95.7510362862
2010-10-07 00:00:00+00:00,95.63550456950001
2010-10-08 00:00:00+00:00,96.17190182530001
2010-10-11 00:00:00+00:00,96.26267674549999
2010-10-12 00:00:00+00:00,96.5597583025
2010-10-13 00:00:00+00:00,97.3107144606
2010-10-14 00:00:00+00:00,96.9311102488
2010-10-15 00:00:00+00:00,97.1291646202
2010-10-18 00:00:00+00:00,97.60779601760001
2010-10-19 00:00:00+00:00,96.32869486930001
2010-10-20 00:00:00+00:00,97.2694531332
2010-10-21 00:00:00+00:00,97.48401203549999
2010-10-22 00:00:00+00:00,97.665561876
2010-10-25 00:00:00+00:00,97.9543911675
2010-10-26 00:00:00+00:00,97.9708956985
2010-10-27 00:00:00+00:00,97.6903186724
2010-10-28 00:00:00+00:00,97.7068232033
2010-10-29 00:00:00+00:00,97.7810935926
2010-11-01 00:00:00+00:00,97.8141026545
2010-11-02 00:00:00+00:00,98.589815609
2010-11-03 00:00:00+00:00,98.9859243517
2010-11-04 00:00:00+00:00,100.89219767600001
2010-11-05 00:00:00+00:00,101.27180188780001
2010-11-08 00:00:00+00:00,101.08199978190001
2010-11-09 00:00:00+00:00,100.3558004202
2010-11-10 00:00:00+00:00,100.7601614284
2010-11-11 00:00:00+00:00,100.3805572167
2010-11-12 00:00:00+00:00,99.1922309885
2010-11-15 00:00:00+00:00,99.0519424755
2010-11-16 00:00:00+00:00,97.508768832
2010-11-17 00:00:00+00:00,97.5582824248
2010-11-18 00:00:00+00:00,98.9941766171
2010-11-19 00:00:00+00:00,99.26650137780001
2010-11-22 00:00:00+00:00,99.183978723
2010-11-23 00:00:00+00:00,97.7480845307
2010-11-24 00:00:00+00:00,99.1922309885
2010-11-26 00:00:00+00:00,98.0369138223
2010-11-29 00:00:00+00:00,98.3339953793
2010-11-30 00:00:00+00:00,97.7810935926
2010-12-01 00:00:00+00:00,99.86066449180001
2010-12-02 00:00:00+00:00,101.13976564020001
2010-12-03 00:00:00+00:00,101.4120904008
2010-12-06 00:00:00+00:00,101.3048109497
2010-12-07 00:00:00+00:00,101.36257680799999
2010-12-08 00:00:00+00:00,101.73392875430001
2010-12-09 00:00:00+00:00,102.130037497
2010-12-10 00:00:00+00:00,102.7242006111
2010-12-13 00:00:00+00:00,102.79021873479999
2010-12-14 00:00:00+00:00,102.8809936551
2010-12-15 00:00:00+00:00,102.4106145231
2010-12-16 00:00:00+00:00,103.00477763709999
2010-12-17 00:00:00+00:00,103.1143347136
2010-12-20 00:00:00+00:00,103.36320277799999
2010-12-21 00:00:00+00:00,104.0185553478
2010-12-22 00:00:00+00:00,104.3420838316
2010-12-23 00:00:00+00:00,104.19276299299999
2010-12-27 00:00:00+00:00,104.2342410037
2010-12-28 00:00:00+00:00,104.3835618424
2010-12-29 00:00:00+00:00,104.4582222617
2010-12-30 00:00:00+00:00,104.29231021870001
2010-12-31 00:00:00+00:00,104.3171970252
2011-01-03 00:00:00+00:00,105.39562530459999
2011-01-04 00:00:00+00:00,105.33755608950001
2011-01-05 00:00:00+00:00,105.8850658314
2011-01-06 00:00:00+00:00,105.6776757777
2011-01-07 00:00:00+00:00,105.47028572389999
2011-01-10 00:00:00+00:00,105.33755608950001
2011-01-11 00:00:00+00:00,105.71085818620001
2011-01-12 00:00:00+00:00,106.6648524334
2011-01-13 00:00:00+00:00,106.4906447883
2011-01-14 00:00:00+00:00,107.2621357881
2011-01-18 00:00:00+00:00,107.44463903540002
2011-01-19 00:00:00+00:00,106.3910975625
2011-01-20 00:00:00+00:00,106.2500723259
2011-01-21 00:00:00+00:00,106.4906447883
2011-01-24 00:00:00+00:00,107.0962237451
2011-01-25 00:00:00+00:00,107.15429296020001
2011-01-26 00:00:00+00:00,107.5690730676
2011-01-27 00:00:00+00:00,107.83453233639999
2011-01-28 00:00:00+00:00,105.95143064860001
2011-01-31 00:00:00+00:00,106.7478084549
2011-02-01 00:00:00+00:00,108.4567024976
2011-02-02 00:00:00+00:00,108.2493124439
2011-02-03 00:00:00+00:00,108.4898849062
2011-02-04 00:00:00+00:00,108.7968221857
2011-02-07 00:00:00+00:00,109.4770615619
2011-02-08 00:00:00+00:00,109.9747976909
2011-02-09 00:00:00+00:00,109.72592962639999
2011-02-10 00:00:00+00:00,109.7674076372
2011-02-11 00:00:00+00:00,110.42276020690001
2011-02-14 00:00:00+00:00,110.6882194757
2011-02-15 00:00:00+00:00,110.33980418549999
2011-02-16 00:00:00+00:00,111.036634766
2011-02-17 00:00:00+00:00,111.3684588519
2011-02-18 00:00:00+00:00,111.60073571209999
2011-02-22 00:00:00+00:00,109.36092313190001
2011-02-23 00:00:00+00:00,108.68897935780001
2011-02-24 00:00:00+00:00,108.6143189384
2011-02-25 00:00:00+00:00,109.7757032393
2011-02-28 00:00:00+00:00,110.45594261549999
2011-03-01 00:00:00+00:00,108.6143189384
2011-03-02 00:00:00+00:00,108.8465957986
2011-03-03 00:00:00+00:00,110.72140188430001
2011-03-04 00:00:00+00:00,109.89184166940001
2011-03-07 00:00:00+00:00,109.0290990459
2011-03-08 00:00:00+00:00,109.983093293
2011-03-09 00:00:00+00:00,109.8254768522
2011-03-10 00:00:00+00:00,107.7930543257
2011-03-11 00:00:00+00:00,108.5396585191
2011-03-14 00:00:00+00:00,107.8843059493
2011-03-15 00:00:00+00:00,106.6482612291
2011-03-16 00:00:00+00:00,104.6739079176
2011-03-17 00:00:00+00:00,106.0592734765
2011-03-18 00:00:00+00:00,106.44362531530001
2011-03-21 00:00:00+00:00,108.0932682248
2011-03-22 00:00:00+00:00,107.7183493818
2011-03-23 00:00:00+00:00,108.02661598610001
2011-03-24 00:00:00+00:00,109.05972568700001
2011-03-25 00:00:00+00:00,109.3929868808
2011-03-28 00:00:00+00:00,109.1263779258
2011-03-29 00:00:00+00:00,109.85955255219999
2011-03-30 00:00:00+00:00,110.6177217682
2011-03-31 00:00:00+00:00,110.467754231
2011-04-01 00:00:00+00:00,110.93431990239999
2011-04-04 00:00:00+00:00,111.02596673069999
2011-04-05 00:00:00+00:00,111.009303671
2011-04-06 00:00:00+00:00,111.35922792459999
2011-04-07 00:00:00+00:00,111.0759559098
2011-04-08 00:00:00+00:00,110.69270553690001
2011-04-11 00:00:00+00:00,110.35944434299999
2011-04-12 00:00:00+00:00,109.53462288819999
2011-04-13 00:00:00+00:00,109.5262913584
2011-04-14 00:00:00+00:00,109.6096066568
2011-04-15 00:00:00+00:00,110.00952008950001
2011-04-18 00:00:00+00:00,108.77645367219999
2011-04-19 00:00:00+00:00,109.4013184107
2011-04-20 00:00:00+00:00,110.8926622532
2011-04-21 00:00:00+00:00,111.45920628270001
2011-04-25 00:00:00+00:00,111.3425648649
2011-04-26 00:00:00+00:00,112.30069079719999
2011-04-27 00:00:00+00:00,113.0338654236
2011-04-28 00:00:00+00:00,113.40045273690001
2011-04-29 00:00:00+00:00,113.667061692
2011-05-02 00:00:00+00:00,113.49209956520001
2011-05-03 00:00:00+00:00,113.0838546027
2011-05-04 00:00:00+00:00,112.33401691659999
2011-05-05 00:00:00+00:00,111.31757027530001
2011-05-06 00:00:00+00:00,111.8091305362
2011-05-09 00:00:00+00:00,112.24237008829999
2011-05-10 00:00:00+00:00,113.2004960206
2011-05-11 00:00:00+00:00,112.0090872526
2011-05-12 00:00:00+00:00,112.5423051627
2011-05-13 00:00:00+00:00,111.67582605870001
2011-05-16 00:00:00+00:00,110.96764602180001
2011-05-17 00:00:00+00:00,110.95098296209999
2011-05-18 00:00:00+00:00,111.9424350138
2011-05-19 00:00:00+00:00,112.20904396889999
2011-05-20 00:00:00+00:00,111.31757027530001
2011-05-23 00:00:00+00:00,110.0261831492
2011-05-24 00:00:00+00:00,109.93453632079999
2011-05-25 00:00:00+00:00,110.3011236341
2011-05-26 00:00:00+00:00,110.80934695469999
2011-05-27 00:00:00+00:00,111.2342549769
2011-05-31 00:00:00+00:00,112.39233762549999
2011-06-01 00:00:00+00:00,109.86788408209999
2011-06-02 00:00:00+00:00,109.7512426642
2011-06-03 00:00:00+00:00,108.65981225440001
2011-06-06 00:00:00+00:00,107.5100611356
2011-06-07 00:00:00+00:00,107.44340889680001
2011-06-08 00:00:00+00:00,106.9935062851
2011-06-09 00:00:00+00:00,107.8099962101
2011-06-10 00:00:00+00:00,106.3103208377
2011-06-13 00:00:00+00:00,106.3936361362
2011-06-14 00:00:00+00:00,107.74334397129999
2011-06-15 00:00:00+00:00,105.82709210670001
2011-06-16 00:00:00+00:00,106.0603749424
2011-06-17 00:00:00+00:00,106.3749901724
2011-06-20 00:00:00+00:00,106.91921483680001
2011-06-21 00:00:00+00:00,108.38443508709999
2011-06-22 00:00:00+00:00,107.7313654898
2011-06-23 00:00:00+00:00,107.42157606549999
2011-06-24 00:00:00+00:00,106.17404568090001
2011-06-27 00:00:00+00:00,107.1201593283
2011-06-28 00:00:00+00:00,108.5183980814
2011-06-29 00:00:00+00:00,109.4477663545
2011-06-30 00:00:00+00:00,110.4943522476
2011-07-01 00:00:00+00:00,112.12702624079999
2011-07-05 00:00:00+00:00,112.0349266822
2011-07-06 00:00:00+00:00,112.1688896765
2011-07-07 00:00:00+00:00,113.3326931896
2011-07-08 00:00:00+00:00,112.52891522370001
2011-07-11 00:00:00+00:00,110.4943522476
2011-07-12 00:00:00+00:00,110.0171090803
2011-07-13 00:00:00+00:00,110.38550731469999
2011-07-14 00:00:00+00:00,109.6235927845
2011-07-15 00:00:00+00:00,110.2599170075
2011-07-18 00:00:00+00:00,109.3556667959
2011-07-19 00:00:00+00:00,111.1306764706
2011-07-20 00:00:00+00:00,111.0636949734
2011-07-21 00:00:00+00:00,112.604269408
2011-07-22 00:00:00+00:00,112.67962359229999
2011-07-25 00:00:00+00:00,112.0516720565
2011-07-26 00:00:00+00:00,111.6330376992
2011-07-27 00:00:00+00:00,109.34729410879999
2011-07-28 00:00:00+00:00,109.0291319973
2011-07-29 00:00:00+00:00,108.2839628414
2011-08-01 00:00:00+00:00,107.8234650484
2011-08-02 00:00:00+00:00,105.06885097780001
2011-08-03 00:00:00+00:00,105.63819370370001
2011-08-04 00:00:00+00:00,100.6899356012
2011-08-05 00:00:00+00:00,100.5392272326
2011-08-08 00:00:00+00:00,93.9917858855
2011-08-09 00:00:00+00:00,98.362328575
2011-08-10 00:00:00+00:00,94.0169039469
2011-08-11 00:00:00+00:00,98.2367382678
2011-08-12 00:00:00+00:00,98.89818055229999
2011-08-15 00:00:00+00:00,100.9913523384
2011-08-16 00:00:00+00:00,100.1289655625
2011-08-17 00:00:00+00:00,100.19594705969999
2011-08-18 00:00:00+00:00,95.8756404931
2011-08-19 00:00:00+00:00,94.30994799700001
2011-08-22 00:00:00+00:00,94.38530218129999
2011-08-23 00:00:00+00:00,97.49156911200001
2011-08-24 00:00:00+00:00,98.8646898037
2011-08-25 00:00:00+00:00,97.3576061177
2011-08-26 00:00:00+00:00,98.7725902451
2011-08-29 00:00:00+00:00,101.6109311871
2011-08-30 00:00:00+00:00,101.87885717569999
2011-08-31 00:00:00+00:00,102.3309822816
2011-09-01 00:00:00+00:00,101.259278327
2011-09-02 00:00:00+00:00,98.6721179994
2011-09-06 00:00:00+00:00,97.9520669049
2011-09-07 00:00:00+00:00,100.7150536626
2011-09-08 00:00:00+00:00,99.66846776959999
2011-09-09 00:00:00+00:00,97.05618938040001
2011-09-12 00:00:00+00:00,97.6841409163
2011-09-13 00:00:00+00:00,98.5800184408
2011-09-14 00:00:00+00:00,99.9447664453
2011-09-15 00:00:00+00:00,101.66953999709999
2011-09-16 00:00:00+00:00,102.26814899879999
2011-09-19 00:00:00+00:00,101.2498436968
2011-09-20 00:00:00+00:00,101.13202324870001
2011-09-21 00:00:00+00:00,98.15284905959999
2011-09-22 00:00:00+00:00,94.9801127057
2011-09-23 00:00:00+00:00,95.55238345389999
2011-09-26 00:00:00+00:00,97.82463495399999
2011-09-27 00:00:00+00:00,98.9186819726
2011-09-28 00:00:00+00:00,96.89890286139999
2011-09-29 00:00:00+00:00,97.6647357744
2011-09-30 00:00:00+00:00,95.2241693483
2011-10-03 00:00:00+00:00,92.5142990408
2011-10-04 00:00:00+00:00,94.5424938983
2011-10-05 00:00:00+00:00,96.292969128
2011-10-06 00:00:00+00:00,98.0350286115
2011-10-07 00:00:00+00:00,97.3786004003
2011-10-10 00:00:00+00:00,100.63549421719999
2011-10-11 00:00:00+00:00,100.7364831727
2011-10-12 00:00:00+00:00,101.6201365339
2011-10-13 00:00:00+00:00,101.41815862280001
2011-10-14 00:00:00+00:00,103.1518023599
2011-10-17 00:00:00+00:00,101.1825177265
2011-10-18 00:00:00+00:00,103.1602181062
2011-10-19 00:00:00+00:00,101.9399348932
2011-10-20 00:00:00+00:00,102.3859694469
2011-10-21 00:00:00+00:00,104.3300068415
2011-10-24 00:00:00+00:00,105.6092002786
2011-10-25 00:00:00+00:00,103.5557581822
2011-10-26 00:00:00+00:00,104.6077264693
2011-10-27 00:00:00+00:00,108.25174461579999
2011-10-28 00:00:00+00:00,108.2264973769
2011-10-31 00:00:00+00:00,105.6176160249
2011-11-01 00:00:00+00:00,102.672104821
2011-11-02 00:00:00+00:00,104.3468383341
2011-11-03 00:00:00+00:00,106.24879699709999
2011-11-04 00:00:00+00:00,105.6007845323
2011-11-07 00:00:00+00:00,106.2572127434
2011-11-08 00:00:00+00:00,107.6205636435
2011-11-09 00:00:00+00:00,103.64833139139999
2011-11-10 00:00:00+00:00,104.62455796190001
2011-11-11 00:00:00+00:00,106.5938425953
2011-11-14 00:00:00+00:00,105.58395303969999
2011-11-15 00:00:00+00:00,106.1057293101
2011-11-16 00:00:00+00:00,104.42258005069999
2011-11-17 00:00:00+00:00,102.7646780303
2011-11-18 00:00:00+00:00,102.6552733284
2011-11-21 00:00:00+00:00,100.7028201876
2011-11-22 00:00:00+00:00,100.3072801116
2011-11-23 00:00:00+00:00,98.0939388355
2011-11-25 00:00:00+00:00,97.908792417
2011-11-28 00:00:00+00:00,100.744898919
2011-11-29 00:00:00+00:00,101.03103429309999
2011-11-30 00:00:00+00:00,105.1884129637
2011-12-01 00:00:00+00:00,105.17158147120001
2011-12-02 00:00:00+00:00,105.0790082619
2011-12-05 00:00:00+00:00,106.2235497583
2011-12-06 00:00:00+00:00,106.2572127434
2011-12-07 00:00:00+00:00,106.6527528194
2011-12-08 00:00:00+00:00,104.31317534889999
2011-12-09 00:00:00+00:00,106.08048207120001
2011-12-12 00:00:00+00:00,104.5319847526
2011-12-13 00:00:00+00:00,103.5557581822
2011-12-14 00:00:00+00:00,102.4532954173
2011-12-15 00:00:00+00:00,102.8235882543
2011-12-16 00:00:00+00:00,102.97518109239999
2011-12-19 00:00:00+00:00,101.87420456950001
2011-12-20 00:00:00+00:00,104.9569388336
2011-12-21 00:00:00+00:00,105.1601960378
2011-12-22 00:00:00+00:00,106.0917915572
2011-12-23 00:00:00+00:00,107.04032517700001
2011-12-27 00:00:00+00:00,107.12501567870001
2011-12-28 00:00:00+00:00,105.7191533495
2011-12-29 00:00:00+00:00,106.8116608222
2011-12-30 00:00:00+00:00,106.28657971129999
2012-01-03 00:00:00+00:00,107.9803897465
2012-01-04 00:00:00+00:00,108.14977075
2012-01-05 00:00:00+00:00,108.437718456
2012-01-06 00:00:00+00:00,108.15823980020001
2012-01-09 00:00:00+00:00,108.4207803557
2012-01-10 00:00:00+00:00,109.3608449252
2012-01-11 00:00:00+00:00,109.4201282765
2012-01-12 00:00:00+00:00,109.6826688319
2012-01-13 00:00:00+00:00,109.1152424701
2012-01-17 00:00:00+00:00,109.5386949789
2012-01-18 00:00:00+00:00,110.7497691541
2012-01-19 00:00:00+00:00,111.3341336163
2012-01-20 00:00:00+00:00,111.7491170749
2012-01-23 00:00:00+00:00,111.46116936889999
2012-01-24 00:00:00+00:00,111.3341336163
2012-01-25 00:00:00+00:00,112.2657291357
2012-01-26 00:00:00+00:00,111.6898337237
2012-01-27 00:00:00+00:00,111.6390194226
2012-01-30 00:00:00+00:00,111.25791216469999
2012-01-31 00:00:00+00:00,111.21556691379999
2012-02-01 00:00:00+00:00,112.1895076841
2012-02-02 00:00:00+00:00,112.3673577378
2012-02-03 00:00:00+00:00,113.94260107059999
2012-02-06 00:00:00+00:00,113.866379619
2012-02-07 00:00:00+00:00,114.154327325
2012-02-08 00:00:00+00:00,114.49308933200001
2012-02-09 00:00:00+00:00,114.637063185
2012-02-10 00:00:00+00:00,113.7901581674
2012-02-13 00:00:00+00:00,114.637063185
2012-02-14 00:00:00+00:00,114.49308933200001
2012-02-15 00:00:00+00:00,113.9595391709
2012-02-16 00:00:00+00:00,115.22142764719999
2012-02-17 00:00:00+00:00,115.52631345350001
2012-02-21 00:00:00+00:00,115.57712775459999
2012-02-22 00:00:00+00:00,115.2044895468
2012-02-23 00:00:00+00:00,115.7126325574
2012-02-24 00:00:00+00:00,115.9667040627
2012-02-27 00:00:00+00:00,116.1614922167
2012-02-28 00:00:00+00:00,116.50025422379998
2012-02-29 00:00:00+00:00,116.04292551430001
2012-03-01 00:00:00+00:00,116.6442280768
2012-03-02 00:00:00+00:00,116.28852796940001
2012-03-05 00:00:00+00:00,115.8142611595
2012-03-06 00:00:00+00:00,114.1204511243
2012-03-07 00:00:00+00:00,114.9165418408
2012-03-08 00:00:00+00:00,116.05986361459999
2012-03-09 00:00:00+00:00,116.50872327399999
2012-03-12 00:00:00+00:00,116.5171923241
2012-03-13 00:00:00+00:00,118.61751676780001
2012-03-14 00:00:00+00:00,118.4904810152
2012-03-15 00:00:00+00:00,119.17647407950001
2012-03-16 00:00:00+00:00,119.3406804933
2012-03-19 00:00:00+00:00,119.80851637549999
2012-03-20 00:00:00+00:00,119.45976599059999
2012-03-21 00:00:00+00:00,119.2641255308
2012-03-22 00:00:00+00:00,118.4050087289
2012-03-23 00:00:00+00:00,118.78778354159999
2012-03-26 00:00:00+00:00,120.45498050360001
2012-03-27 00:00:00+00:00,120.08071179790001
2012-03-28 00:00:00+00:00,119.4852843115
2012-03-29 00:00:00+00:00,119.28113774469999
2012-03-30 00:00:00+00:00,119.7744919477
2012-04-02 00:00:00+00:00,120.6506209635
2012-04-03 00:00:00+00:00,120.1572667604
2012-04-04 00:00:00+00:00,118.96641178760001
2012-04-05 00:00:00+00:00,118.9068690389
2012-04-09 00:00:00+00:00,117.5714102479
2012-04-10 00:00:00+00:00,115.59799343579999
2012-04-11 00:00:00+00:00,116.5336652002
2012-04-12 00:00:00+00:00,118.056258344
2012-04-13 00:00:00+00:00,116.6527506975
2012-04-16 00:00:00+00:00,116.5761957349
2012-04-17 00:00:00+00:00,118.3029354456
2012-04-18 00:00:00+00:00,117.90314841899999
2012-04-19 00:00:00+00:00,117.14610490049999
2012-04-20 00:00:00+00:00,117.34174536030001
2012-04-23 00:00:00+00:00,116.3550369543
2012-04-24 00:00:00+00:00,116.79735451559999
2012-04-25 00:00:00+00:00,118.39650262200001
2012-04-26 00:00:00+00:00,119.22159499600001
2012-04-27 00:00:00+00:00,119.4172354559
2012-04-30 00:00:00+00:00,118.97491789450001
2012-05-01 00:00:00+00:00,119.7149491991
2012-05-02 00:00:00+00:00,119.35769270719999
2012-05-03 00:00:00+00:00,118.44753926370001
2012-05-04 00:00:00+00:00,116.5336652002
2012-05-07 00:00:00+00:00,116.61872626969999
2012-05-08 00:00:00+00:00,116.1508903875
2012-05-09 00:00:00+00:00,115.4618957246
2012-05-10 00:00:00+00:00,115.7000667192
2012-05-11 00:00:00+00:00,115.35131633430001
2012-05-14 00:00:00+00:00,114.07540029190001
2012-05-15 00:00:00+00:00,113.4204300569
2012-05-16 00:00:00+00:00,112.9866186025
2012-05-17 00:00:00+00:00,111.31091553350001
2012-05-18 00:00:00+00:00,110.35823155530001
2012-05-21 00:00:00+00:00,112.2550934049
2012-05-22 00:00:00+00:00,112.4507338647
2012-05-23 00:00:00+00:00,112.5102766133
2012-05-24 00:00:00+00:00,112.731435394
2012-05-25 00:00:00+00:00,112.3656727952
2012-05-29 00:00:00+00:00,113.72664990700001
2012-05-30 00:00:00+00:00,112.07646515889999
2012-05-31 00:00:00+00:00,111.8297880574
2012-06-01 00:00:00+00:00,109.0142666573
2012-06-04 00:00:00+00:00,108.96323001559999
2012-06-05 00:00:00+00:00,109.7883223897
2012-06-06 00:00:00+00:00,112.2550934049
2012-06-07 00:00:00+00:00,112.32314226049999
2012-06-08 00:00:00+00:00,113.2162834901
2012-06-11 00:00:00+00:00,111.7787514157
2012-06-12 00:00:00+00:00,113.063173565
2012-06-13 00:00:00+00:00,112.34015447440001
2012-06-14 00:00:00+00:00,113.53100944719999
2012-06-15 00:00:00+00:00,114.68635992969999
2012-06-18 00:00:00+00:00,114.90865345569999
2012-06-19 00:00:00+00:00,116.0201210858
2012-06-20 00:00:00+00:00,115.83202656379999
2012-06-21 00:00:00+00:00,113.23290225950001
2012-06-22 00:00:00+00:00,114.1049768616
2012-06-25 00:00:00+00:00,112.2753301473
2012-06-26 00:00:00+00:00,112.8396137134
2012-06-27 00:00:00+00:00,113.8570340825
2012-06-28 00:00:00+00:00,113.5321435445
2012-06-29 00:00:00+00:00,116.3621111259
2012-07-02 00:00:00+00:00,116.7126509169
2012-07-03 00:00:00+00:00,117.48212850700001
2012-07-05 00:00:00+00:00,116.952043945
2012-07-06 00:00:00+00:00,115.84057631479999
2012-07-09 00:00:00+00:00,115.69523054780001
2012-07-10 00:00:00+00:00,114.68635992969999
2012-07-11 00:00:00+00:00,114.7034594317
2012-07-12 00:00:00+00:00,114.1477256166
2012-07-13 00:00:00+00:00,116.0628698408
2012-07-16 00:00:00+00:00,115.7892778088
2012-07-17 00:00:00+00:00,116.5844046519
2012-07-18 00:00:00+00:00,117.447929503
2012-07-19 00:00:00+00:00,117.7557205391
2012-07-20 00:00:00+00:00,116.67845191290002
2012-07-23 00:00:00+00:00,115.49858627479999
2012-07-24 00:00:00+00:00,114.5068151586
2012-07-25 00:00:00+00:00,114.5324644116
2012-07-26 00:00:00+00:00,116.42195938290001
2012-07-27 00:00:00+00:00,118.5679468842
2012-07-30 00:00:00+00:00,118.5679468842
2012-07-31 00:00:00+00:00,117.73862103709999
2012-08-01 00:00:00+00:00,117.6360240251
2012-08-02 00:00:00+00:00,116.8237976799
2012-08-03 00:00:00+00:00,119.14078020129999
2012-08-06 00:00:00+00:00,119.3716234783
2012-08-07 00:00:00+00:00,119.9701060484
2012-08-08 00:00:00+00:00,120.11545181540001
2012-08-09 00:00:00+00:00,120.2180488274
2012-08-10 00:00:00+00:00,120.41469310040002
2012-08-13 00:00:00+00:00,120.3548448434
2012-08-14 00:00:00+00:00,120.37194434540001
2012-08-15 00:00:00+00:00,120.50874036139999
2012-08-16 00:00:00+00:00,121.3979144656
2012-08-17 00:00:00+00:00,121.56035973459998
2012-08-20 00:00:00+00:00,121.56890948559999
2012-08-21 00:00:00+00:00,121.2012701925
2012-08-22 00:00:00+00:00,121.2525686986
2012-08-23 00:00:00+00:00,120.2607975824
2012-08-24 00:00:00+00:00,120.9875264175
2012-08-27 00:00:00+00:00,121.01317567049999
2012-08-28 00:00:00+00:00,120.89347915649999
2012-08-29 00:00:00+00:00,120.9875264175
2012-08-30 00:00:00+00:00,120.11545181540001
2012-08-31 00:00:00+00:00,120.6882851325
2012-09-04 00:00:00+00:00,120.5771383695
2012-09-05 00:00:00+00:00,120.4745413574
2012-09-06 00:00:00+00:00,122.9197701438
2012-09-07 00:00:00+00:00,123.3985561998
2012-09-10 00:00:00+00:00,122.6974766177
2012-09-11 00:00:00+00:00,123.0394666578
2012-09-12 00:00:00+00:00,123.4498547059
2012-09-13 00:00:00+00:00,125.3307999261
2012-09-14 00:00:00+00:00,125.88653374120001
2012-09-17 00:00:00+00:00,125.4590461911
2012-09-18 00:00:00+00:00,125.3564491791
2012-09-19 00:00:00+00:00,125.42484718709999
2012-09-20 00:00:00+00:00,125.43339693809999
2012-09-21 00:00:00+00:00,125.3816281958
2012-09-24 00:00:00+00:00,125.1925285989
2012-09-25 00:00:00+00:00,123.8602359842
2012-09-26 00:00:00+00:00,123.16400565010001
2012-09-27 00:00:00+00:00,124.3243895403
2012-09-28 00:00:00+00:00,123.7484953133
2012-10-01 00:00:00+00:00,124.0751218898
2012-10-02 00:00:00+00:00,124.2040534332
2012-10-03 00:00:00+00:00,124.7111841704
2012-10-04 00:00:00+00:00,125.6051095376
2012-10-05 00:00:00+00:00,125.6137049739
2012-10-08 00:00:00+00:00,125.1839331627
2012-10-09 00:00:00+00:00,123.94619034639999
2012-10-10 00:00:00+00:00,123.1554102139
2012-10-11 00:00:00+00:00,123.2241737036
2012-10-12 00:00:00+00:00,122.82018820110001
2012-10-15 00:00:00+00:00,123.84304511180001
2012-10-16 00:00:00+00:00,125.09797880040001
2012-10-17 00:00:00+00:00,125.66527759120001
2012-10-18 00:00:00+00:00,125.33865101469999
2012-10-19 00:00:00+00:00,123.2499600123
2012-10-22 00:00:00+00:00,123.26715088479999
2012-10-23 00:00:00+00:00,121.5566590762
2012-10-24 00:00:00+00:00,121.2128416273
2012-10-25 00:00:00+00:00,121.5652545125
2012-10-26 00:00:00+00:00,121.4964910227
2012-10-31 00:00:00+00:00,121.4964910227
2012-11-01 00:00:00+00:00,122.76861558379998
2012-11-02 00:00:00+00:00,121.6769951834
2012-11-05 00:00:00+00:00,121.9262628339
2012-11-06 00:00:00+00:00,122.88035625469999
2012-11-07 00:00:00+00:00,120.0954349182
2012-11-08 00:00:00+00:00,118.6514016326
2012-11-09 00:00:00+00:00,118.7545468673
2012-11-12 00:00:00+00:00,118.8490966658
2012-11-13 00:00:00+00:00,118.43651572700001
2012-11-14 00:00:00+00:00,116.83776458940001
2012-11-15 00:00:00+00:00,116.64006955629999
2012-11-16 00:00:00+00:00,117.2159637833
2012-11-19 00:00:00+00:00,119.588304181
2012-11-20 00:00:00+00:00,119.6398767983
2012-11-21 00:00:00+00:00,119.8633581402
2012-11-23 00:00:00+00:00,121.4964910227
2012-11-26 00:00:00+00:00,121.238627936
2012-11-27 00:00:00+00:00,120.61975652790001
2012-11-28 00:00:00+00:00,121.59104082110001
2012-11-29 00:00:00+00:00,122.1583396119
2012-11-30 00:00:00+00:00,122.1841259206
2012-12-03 00:00:00+00:00,121.5824453849
2012-12-04 00:00:00+00:00,121.41053666040001
2012-12-05 00:00:00+00:00,121.625422566
2012-12-06 00:00:00+00:00,122.0380035048
2012-12-07 00:00:00+00:00,122.40760726239999
2012-12-10 00:00:00+00:00,122.45917987969999
2012-12-11 00:00:00+00:00,123.29293719340001
2012-12-12 00:00:00+00:00,123.353105247
2012-12-13 00:00:00+00:00,122.5967068593
2012-12-14 00:00:00+00:00,122.14114873950001
2012-12-17 00:00:00+00:00,123.5765865888
2012-12-18 00:00:00+00:00,124.95185638459999
2012-12-19 00:00:00+00:00,124.0235492725
2012-12-20 00:00:00+00:00,124.736970479
2012-12-21 00:00:00+00:00,123.6125412985
2012-12-24 00:00:00+00:00,123.2316356457
2012-12-26 00:00:00+00:00,122.71221884629999
2012-12-27 00:00:00+00:00,122.5477368599
2012-12-28 00:00:00+00:00,121.2232240215
2012-12-31 00:00:00+00:00,123.28357732559999
2013-01-02 00:00:00+00:00,126.443362855
2013-01-03 00:00:00+00:00,126.1576836154
2013-01-04 00:00:00+00:00,126.71172820129999
2013-01-07 00:00:00+00:00,126.36545033510001
2013-01-08 00:00:00+00:00,126.0018585756
2013-01-09 00:00:00+00:00,126.32216560180001
2013-01-10 00:00:00+00:00,127.32637141389999
2013-01-11 00:00:00+00:00,127.31771446719999
2013-01-14 00:00:00+00:00,127.2311450007
2013-01-15 00:00:00+00:00,127.31771446719999
2013-01-16 00:00:00+00:00,127.30040057389999
2013-01-17 00:00:00+00:00,128.1228105062
2013-01-18 00:00:00+00:00,128.4084897459
2013-01-22 00:00:00+00:00,129.1010454783
2013-01-23 00:00:00+00:00,129.3088121981
2013-01-24 00:00:00+00:00,129.34343998469998
2013-01-25 00:00:00+00:00,130.0706235038
2013-01-28 00:00:00+00:00,129.914798464
2013-01-29 00:00:00+00:00,130.4255583167
2013-01-30 00:00:00+00:00,129.914798464
2013-01-31 00:00:00+00:00,129.59449143770001
2013-02-01 00:00:00+00:00,130.9276612227
2013-02-04 00:00:00+00:00,129.4559802912
2013-02-05 00:00:00+00:00,130.7631792363
2013-02-06 00:00:00+00:00,130.8584056495
2013-02-07 00:00:00+00:00,130.68526671639998
2013-02-08 00:00:00+00:00,131.4124502354
2013-02-11 00:00:00+00:00,131.3864793955
2013-02-12 00:00:00+00:00,131.6029030619
2013-02-13 00:00:00+00:00,131.7154433684
2013-02-14 00:00:00+00:00,131.8366406216
2013-02-15 00:00:00+00:00,131.6808155818
2013-02-19 00:00:00+00:00,132.6677075005
2013-02-20 00:00:00+00:00,131.0142306893
2013-02-21 00:00:00+00:00,130.2177915969
2013-02-22 00:00:00+00:00,131.4903627553
2013-02-25 00:00:00+00:00,128.9885051718
2013-02-26 00:00:00+00:00,129.8715137307
2013-02-27 00:00:00+00:00,131.5076766487
2013-02-28 00:00:00+00:00,131.247968249
2013-03-01 00:00:00+00:00,131.6808155818
2013-03-04 00:00:00+00:00,132.3820282609
2013-03-05 00:00:00+00:00,133.56802995270002
2013-03-06 00:00:00+00:00,133.7498258325
2013-03-07 00:00:00+00:00,133.99222033889998
2013-03-08 00:00:00+00:00,134.5635788182
2013-03-11 00:00:00+00:00,135.0743386709
2013-03-12 00:00:00+00:00,134.7713455379
2013-03-13 00:00:00+00:00,134.9617983643
2013-03-14 00:00:00+00:00,135.6803249368
2013-03-15 00:00:00+00:00,135.50174944120002
2013-03-18 00:00:00+00:00,134.7539376943
2013-03-19 00:00:00+00:00,134.44090021879998
2013-03-20 00:00:00+00:00,135.3800126451
2013-03-21 00:00:00+00:00,134.2235130831
2013-03-22 00:00:00+00:00,135.3017532763
2013-03-25 00:00:00+00:00,134.7365467234
2013-03-26 00:00:00+00:00,135.81478691659999
2013-03-27 00:00:00+00:00,135.81478691659999
2013-03-28 00:00:00+00:00,136.2321702172
2013-04-01 00:00:00+00:00,135.6930501206
2013-04-02 00:00:00+00:00,136.3626024986
2013-04-03 00:00:00+00:00,134.9800203154
2013-04-04 00:00:00+00:00,135.5278358974
2013-04-05 00:00:00+00:00,134.9191519174
2013-04-08 00:00:00+00:00,135.8321778875
2013-04-09 00:00:00+00:00,136.3017341006
2013-04-10 00:00:00+00:00,137.971267303
2013-04-11 00:00:00+00:00,138.42343254530002
2013-04-12 00:00:00+00:00,138.0843086136
2013-04-15 00:00:00+00:00,134.8843699757
2013-04-16 00:00:00+00:00,136.8756361389
2013-04-17 00:00:00+00:00,134.8756744903
2013-04-18 00:00:00+00:00,134.0322124036
2013-04-19 00:00:00+00:00,135.19740745110002
2013-04-22 00:00:00+00:00,135.7973959457
2013-04-23 00:00:00+00:00,137.1973690998
2013-04-24 00:00:00+00:00,137.2843239541
2013-04-25 00:00:00+00:00,137.8408350216
2013-04-26 00:00:00+00:00,137.5973614296
2013-04-29 00:00:00+00:00,138.519082885
2013-04-30 00:00:00+00:00,138.8495113313
2013-05-01 00:00:00+00:00,137.6321433713
2013-05-02 00:00:00+00:00,138.9103797293
2013-05-03 00:00:00+00:00,140.31904836889998
2013-05-06 00:00:00+00:00,140.6755632714
2013-05-07 00:00:00+00:00,141.3885930766
2013-05-08 00:00:00+00:00,142.0320589984
2013-05-09 00:00:00+00:00,141.6320666686
2013-05-10 00:00:00+00:00,142.0929273964
2013-05-13 00:00:00+00:00,142.205968707
2013-05-14 00:00:00+00:00,143.67550574450001
2013-05-15 00:00:00+00:00,144.4494039477
2013-05-16 00:00:00+00:00,143.7711560842
2013-05-17 00:00:00+00:00,145.1624337528
2013-05-20 00:00:00+00:00,145.1537382674
2013-05-21 00:00:00+00:00,145.3624299177
2013-05-22 00:00:00+00:00,144.2841897245
2013-05-23 00:00:00+00:00,143.8668064239
2013-05-24 00:00:00+00:00,143.74506962790002
2013-05-28 00:00:00+00:00,144.6059226854
2013-05-29 00:00:00+00:00,143.666810259
2013-05-30 00:00:00+00:00,144.1972348702
2013-05-31 00:00:00+00:00,142.1277093381
2013-06-03 00:00:00+00:00,142.9103030267
2013-06-04 00:00:00+00:00,142.2233596778
2013-06-05 00:00:00+00:00,140.2320935146
2013-06-06 00:00:00+00:00,141.5016343872
2013-06-07 00:00:00+00:00,143.301599871
2013-06-10 00:00:00+00:00,143.301599871
2013-06-11 00:00:00+00:00,141.8233673481
2013-06-12 00:00:00+00:00,140.64947681520002
2013-06-13 00:00:00+00:00,142.78856623069998
2013-06-14 00:00:00+00:00,141.8929312315
2013-06-17 00:00:00+00:00,142.98856239559998
2013-06-18 00:00:00+00:00,144.1189755014
2013-06-19 00:00:00+00:00,142.1277093381
2013-06-20 00:00:00+00:00,138.6060377393
2013-06-21 00:00:00+00:00,139.0487422935
2013-06-24 00:00:00+00:00,137.2917298335
2013-06-25 00:00:00+00:00,138.6116745174
2013-06-26 00:00:00+00:00,139.9840673344
2013-06-27 00:00:00+00:00,140.8057547535
2013-06-28 00:00:00+00:00,140.22882528899999
2013-07-01 00:00:00+00:00,141.0505127081
2013-07-02 00:00:00+00:00,140.91939237530002
2013-07-03 00:00:00+00:00,140.9805818639
2013-07-05 00:00:00+00:00,142.5015777248
2013-07-08 00:00:00+00:00,143.3145237884
2013-07-09 00:00:00+00:00,144.34600374
2013-07-10 00:00:00+00:00,144.3984518732
2013-07-11 00:00:00+00:00,146.3652568657
2013-07-12 00:00:00+00:00,146.4264463543
2013-07-15 00:00:00+00:00,146.9858931078
2013-07-16 00:00:00+00:00,146.4351877099
2013-07-17 00:00:00+00:00,146.8110659973
2013-07-18 00:00:00+00:00,147.6152707054
2013-07-19 00:00:00+00:00,147.877511371
2013-07-22 00:00:00+00:00,148.1659761033
2013-07-23 00:00:00+00:00,147.8512873045
2013-07-24 00:00:00+00:00,147.30932326209998
2013-07-25 00:00:00+00:00,147.6677188385
2013-07-26 00:00:00+00:00,147.8250632379
2013-07-29 00:00:00+00:00,147.3705127507
2013-07-30 00:00:00+00:00,147.3705127507
2013-07-31 00:00:00+00:00,147.475409017
2013-08-01 00:00:00+00:00,149.1799733439
2013-08-02 00:00:00+00:00,149.43347265399998
2013-08-05 00:00:00+00:00,149.2149387659
2013-08-06 00:00:00+00:00,148.3670272803
2013-08-07 00:00:00+00:00,147.8862527266
2013-08-08 00:00:00+00:00,148.4282167689
2013-08-09 00:00:00+00:00,147.9998903483
2013-08-12 00:00:00+00:00,147.8250632379
2013-08-13 00:00:00+00:00,148.262131014
2013-08-14 00:00:00+00:00,147.5016330836
2013-08-15 00:00:00+00:00,145.43867318030001
2013-08-16 00:00:00+00:00,144.95789862659998
2013-08-19 00:00:00+00:00,144.0313149412
2013-08-20 00:00:00+00:00,144.7393647385
2013-08-21 00:00:00+00:00,143.8477464752
2013-08-22 00:00:00+00:00,145.1589498036
2013-08-23 00:00:00+00:00,145.6484657128
2013-08-26 00:00:00+00:00,145.1065016705
2013-08-27 00:00:00+00:00,142.772559746
2013-08-28 00:00:00+00:00,143.2795583663
2013-08-29 00:00:00+00:00,143.50683360989999
2013-08-30 00:00:00+00:00,143.0522831227
2013-09-03 00:00:00+00:00,143.6991434314
2013-09-04 00:00:00+00:00,144.8879677824
2013-09-05 00:00:00+00:00,145.0715362484
2013-09-06 00:00:00+00:00,145.1414670925
2013-09-09 00:00:00+00:00,146.5313426206
2013-09-10 00:00:00+00:00,147.6152707054
2013-09-11 00:00:00+00:00,148.07856254799998
2013-09-12 00:00:00+00:00,147.68520154950002
2013-09-13 00:00:00+00:00,148.0173730594
2013-09-16 00:00:00+00:00,148.8740259006
2013-09-17 00:00:00+00:00,149.5383689203
2013-09-18 00:00:00+00:00,151.26915731370002
2013-09-19 00:00:00+00:00,151.0156580035
2013-09-20 00:00:00+00:00,149.964903363
2013-09-23 00:00:00+00:00,149.270946746
2013-09-24 00:00:00+00:00,148.919576307
2013-09-25 00:00:00+00:00,148.4891475192
2013-09-26 00:00:00+00:00,149.0601244826
2013-09-27 00:00:00+00:00,148.3749521265
2013-09-30 00:00:00+00:00,147.5843686388
2013-10-01 00:00:00+00:00,148.7526753485
2013-10-02 00:00:00+00:00,148.61212717290002
2013-10-03 00:00:00+00:00,147.2417824608
2013-10-04 00:00:00+00:00,148.3573836046
2013-10-07 00:00:00+00:00,147.0748815023
2013-10-08 00:00:00+00:00,145.3619506122
2013-10-09 00:00:00+00:00,145.4673617439
2013-10-10 00:00:00+00:00,148.6033429119
2013-10-11 00:00:00+00:00,149.5608273581
2013-10-14 00:00:00+00:00,150.1581571044
2013-10-15 00:00:00+00:00,149.0689087435
2013-10-16 00:00:00+00:00,151.15077859459998
2013-10-17 00:00:00+00:00,152.1609686067
2013-10-18 00:00:00+00:00,153.1887271408
2013-10-21 00:00:00+00:00,153.1975114017
2013-10-22 00:00:00+00:00,154.0847217602
2013-10-23 00:00:00+00:00,153.3468438383
2013-10-24 00:00:00+00:00,153.8563309749
2013-10-25 00:00:00+00:00,154.5590718528
2013-10-28 00:00:00+00:00,154.80503116010001
2013-10-29 00:00:00+00:00,155.63075169180001
2013-10-30 00:00:00+00:00,154.857736726
2013-10-31 00:00:00+00:00,154.4185236772
2013-11-01 00:00:00+00:00,154.7874626382
2013-11-04 00:00:00+00:00,155.3320868186
2013-11-05 00:00:00+00:00,154.840168204
2013-11-06 00:00:00+00:00,155.63075169180001
2013-11-07 00:00:00+00:00,153.6630772334
2013-11-08 00:00:00+00:00,155.7361628235
2013-11-11 00:00:00+00:00,155.7625156064
2013-11-12 00:00:00+00:00,155.4462822113
2013-11-13 00:00:00+00:00,156.6936472697
2013-11-14 00:00:00+00:00,157.47544649649998
2013-11-15 00:00:00+00:00,158.1606188525
2013-11-18 00:00:00+00:00,157.6072104111
2013-11-19 00:00:00+00:00,157.2646242331
2013-11-20 00:00:00+00:00,156.7727056185
2013-11-21 00:00:00+00:00,158.0376391989
2013-11-22 00:00:00+00:00,158.8282226866
2013-11-25 00:00:00+00:00,158.6701059891
2013-11-26 00:00:00+00:00,158.714027294
2013-11-27 00:00:00+00:00,159.10053477690002
2013-11-29 00:00:00+00:00,158.9951236452
2013-12-02 00:00:00+00:00,158.5822633793
2013-12-03 00:00:00+00:00,157.8970910233
2013-12-04 00:00:00+00:00,157.8795225013
2013-12-05 00:00:00+00:00,157.1855658843
2013-12-06 00:00:00+00:00,158.9424180793
2013-12-09 00:00:00+00:00,159.3464940841
2013-12-10 00:00:00+00:00,158.7755171208
2013-12-11 00:00:00+00:00,156.9923121429
2013-12-12 00:00:00+00:00,156.4740407454
2013-12-13 00:00:00+00:00,156.4564722234
2013-12-16 00:00:00+00:00,157.4315251916
2013-12-17 00:00:00+00:00,156.9308223161
2013-12-18 00:00:00+00:00,159.6100219134
2013-12-19 00:00:00+00:00,159.42555243290002
2013-12-20 00:00:00+00:00,160.3481194418
2013-12-23 00:00:00+00:00,161.2047931357
2013-12-24 00:00:00+00:00,161.5580606383
2013-12-26 00:00:00+00:00,162.3794075819
2013-12-27 00:00:00+00:00,162.3705758943
2013-12-30 00:00:00+00:00,162.3440808316
2013-12-31 00:00:00+00:00,163.1124376499
2014-01-02 00:00:00+00:00,161.54922895069998
2014-01-03 00:00:00+00:00,161.522733888
2014-01-06 00:00:00+00:00,161.05465444709998
2014-01-07 00:00:00+00:00,162.0438034544
2014-01-08 00:00:00+00:00,162.0791302047
2014-01-09 00:00:00+00:00,162.1851104555
2014-01-10 00:00:00+00:00,162.62669483370001
2014-01-13 00:00:00+00:00,160.46293138020002
2014-01-14 00:00:00+00:00,162.2116055182
2014-01-15 00:00:00+00:00,163.08594258719998
2014-01-16 00:00:00+00:00,162.8739820856
2014-01-17 00:00:00+00:00,162.1851104555
2014-01-21 00:00:00+00:00,162.662021584
2014-01-22 00:00:00+00:00,162.7680018348
2014-01-23 00:00:00+00:00,161.4344170124
2014-01-24 00:00:00+00:00,157.9900588618
2014-01-27 00:00:00+00:00,157.212870356
2014-01-28 00:00:00+00:00,158.149029238
2014-01-29 00:00:00+00:00,156.6299789767
2014-01-30 00:00:00+00:00,158.290336239
2014-01-31 00:00:00+00:00,157.36300904459998
2014-02-03 00:00:00+00:00,153.8215023308
2014-02-04 00:00:00+00:00,154.8989682138
2014-02-05 00:00:00+00:00,154.7046710874
2014-02-06 00:00:00+00:00,156.744790915
2014-02-07 00:00:00+00:00,158.6877621795
2014-02-10 00:00:00+00:00,158.9792078691
2014-02-11 00:00:00+00:00,160.7190503196
2014-02-12 00:00:00+00:00,160.7985355077
2014-02-13 00:00:00+00:00,161.62871413879998
2014-02-14 00:00:00+00:00,162.520714583
2014-02-18 00:00:00+00:00,162.71501170940002
2014-02-19 00:00:00+00:00,161.6375458264
2014-02-20 00:00:00+00:00,162.59136808350002
2014-02-21 00:00:00+00:00,162.4059026446
2014-02-24 00:00:00+00:00,163.3067347763
2014-02-25 00:00:00+00:00,163.2449129633
2014-02-26 00:00:00+00:00,163.2537446509
2014-02-27 00:00:00+00:00,164.1104183448
2014-02-28 00:00:00+00:00,164.5255076604
2014-03-03 00:00:00+00:00,163.3685565893
2014-03-04 00:00:00+00:00,165.6647953563
2014-03-05 00:00:00+00:00,165.81493404489999
2014-03-06 00:00:00+00:00,166.1946966103
2014-03-07 00:00:00+00:00,166.2653501108
2014-03-10 00:00:00+00:00,166.1770332351
2014-03-11 00:00:00+00:00,165.3556862915
2014-03-12 00:00:00+00:00,165.3998447294
2014-03-13 00:00:00+00:00,163.5451903406
2014-03-14 00:00:00+00:00,163.08594258719998
2014-03-17 00:00:00+00:00,164.5608344106
2014-03-18 00:00:00+00:00,165.7354488568
2014-03-19 00:00:00+00:00,164.8522801003
2014-03-20 00:00:00+00:00,165.81493404489999
2014-03-21 00:00:00+00:00,165.1742922606
2014-03-24 00:00:00+00:00,164.4912406761
2014-03-25 00:00:00+00:00,165.2718710584
2014-03-26 00:00:00+00:00,164.0831838853
2014-03-27 00:00:00+00:00,163.7372226931
2014-03-28 00:00:00+00:00,164.5444654749
2014-03-31 00:00:00+00:00,165.8928270443
2014-04-01 00:00:00+00:00,166.9928062194
2014-04-02 00:00:00+00:00,167.5516666068
2014-04-03 00:00:00+00:00,167.3298966118
2014-04-04 00:00:00+00:00,165.3517082566
2014-04-07 00:00:00+00:00,163.524323498
2014-04-08 00:00:00+00:00,164.19850428270001
2014-04-09 00:00:00+00:00,165.9637934427
2014-04-10 00:00:00+00:00,162.47756912170001
2014-04-11 00:00:00+00:00,161.0138871548
2014-04-14 00:00:00+00:00,162.28241152610002
2014-04-15 00:00:00+00:00,163.4001323008
2014-04-16 00:00:00+00:00,165.112196662
2014-04-17 00:00:00+00:00,165.3428374568
2014-04-21 00:00:00+00:00,165.9194394437
2014-04-22 00:00:00+00:00,166.6734574267
2014-04-23 00:00:00+00:00,166.28314223549998
2014-04-24 00:00:00+00:00,166.6202326279
2014-04-25 00:00:00+00:00,165.25412945879998
2014-04-28 00:00:00+00:00,165.777506647
2014-04-29 00:00:00+00:00,166.5492662295
2014-04-30 00:00:00+00:00,167.04603101819998
2014-05-01 00:00:00+00:00,167.0637726178
2014-05-02 00:00:00+00:00,166.8242610233
2014-05-05 00:00:00+00:00,167.143609816
2014-05-06 00:00:00+00:00,165.688798649
2014-05-07 00:00:00+00:00,166.66458662690002
2014-05-08 00:00:00+00:00,166.4871706309
2014-05-09 00:00:00+00:00,166.7355530253
2014-05-12 00:00:00+00:00,168.3589093885
2014-05-13 00:00:00+00:00,168.5097129851
2014-05-14 00:00:00+00:00,167.7113410032
2014-05-15 00:00:00+00:00,166.2387882365
2014-05-16 00:00:00+00:00,166.8153902235
2014-05-19 00:00:00+00:00,167.4274754096
2014-05-20 00:00:00+00:00,166.3718502335
2014-05-21 00:00:00+00:00,167.7734366018
2014-05-22 00:00:00+00:00,168.1814933925
2014-05-23 00:00:00+00:00,168.8556741773
2014-05-27 00:00:00+00:00,169.8935577538
2014-05-28 00:00:00+00:00,169.7693665566
2014-05-29 00:00:00+00:00,170.6475757367
2014-05-30 00:00:00+00:00,170.9225705305
2014-06-02 00:00:00+00:00,171.11772812610002
2014-06-03 00:00:00+00:00,171.0290201281
2014-06-04 00:00:00+00:00,171.3749813202
2014-06-05 00:00:00+00:00,172.4927020949
2014-06-06 00:00:00+00:00,173.3176864763
2014-06-09 00:00:00+00:00,173.49510247220002
2014-06-10 00:00:00+00:00,173.5128440718
2014-06-11 00:00:00+00:00,172.9096296855
2014-06-12 00:00:00+00:00,171.6854593132
2014-06-13 00:00:00+00:00,172.2088365014
2014-06-16 00:00:00+00:00,172.3507692981
2014-06-17 00:00:00+00:00,172.82979248729998
2014-06-18 00:00:00+00:00,174.09831685860001
2014-06-19 00:00:00+00:00,174.29347445419998
2014-06-20 00:00:00+00:00,174.6453702114
2014-06-23 00:00:00+00:00,174.5918909718
2014-06-24 00:00:00+00:00,173.54013259240003
2014-06-25 00:00:00+00:00,174.3244947736
2014-06-26 00:00:00+00:00,174.1997098812
2014-06-27 00:00:00+00:00,174.5384117321
2014-06-30 00:00:00+00:00,174.4492796661
2014-07-01 00:00:00+00:00,175.6169097313
2014-07-02 00:00:00+00:00,175.7951738634
2014-07-03 00:00:00+00:00,176.6597549041
2014-07-07 00:00:00+00:00,176.04474364830003
2014-07-08 00:00:00+00:00,174.9127664095
2014-07-09 00:00:00+00:00,175.6971285907
2014-07-10 00:00:00+00:00,175.0018984756
2014-07-11 00:00:00+00:00,175.2425550539
2014-07-14 00:00:00+00:00,176.12496250779998
2014-07-15 00:00:00+00:00,175.7951738634
2014-07-16 00:00:00+00:00,176.4458379455
2014-07-17 00:00:00+00:00,174.4403664595
2014-07-18 00:00:00+00:00,176.2230077804
2014-07-21 00:00:00+00:00,175.89321913599997
2014-07-22 00:00:00+00:00,176.6597549041
2014-07-23 00:00:00+00:00,177.05193599470002
2014-07-24 00:00:00+00:00,177.06084920130002
2014-07-25 00:00:00+00:00,176.231920987
2014-07-28 00:00:00+00:00,176.3032266399
2014-07-29 00:00:00+00:00,175.5456040785
2014-07-30 00:00:00+00:00,175.57234369830002
2014-07-31 00:00:00+00:00,172.1051063291
2014-08-01 00:00:00+00:00,171.57922713940002
2014-08-04 00:00:00+00:00,172.8181628574
2014-08-05 00:00:00+00:00,171.1424800158
2014-08-06 00:00:00+00:00,171.1959592554
2014-08-07 00:00:00+00:00,170.26898576850002
2014-08-08 00:00:00+00:00,172.23880442810002
2014-08-11 00:00:00+00:00,172.737943998
2014-08-12 00:00:00+00:00,172.4972874197
2014-08-13 00:00:00+00:00,173.66491748490003
2014-08-14 00:00:00+00:00,174.4849324925
2014-08-15 00:00:00+00:00,174.4492796661
2014-08-18 00:00:00+00:00,175.9110455493
2014-08-19 00:00:00+00:00,176.8291058295
2014-08-20 00:00:00+00:00,177.30150577959998
2014-08-21 00:00:00+00:00,177.8184717627
2014-08-22 00:00:00+00:00,177.5421623579
2014-08-25 00:00:00+00:00,178.442396225
2014-08-26 00:00:00+00:00,178.55826791080003
2014-08-27 00:00:00+00:00,178.486962258
2014-08-28 00:00:00+00:00,178.38891698540002
2014-08-29 00:00:00+00:00,178.8969697618
2014-09-02 00:00:00+00:00,178.80783769580003
2014-09-03 00:00:00+00:00,178.70979242310003
2014-09-04 00:00:00+00:00,178.4513094316
2014-09-05 00:00:00+00:00,179.253498026
2014-09-08 00:00:00+00:00,178.79001128259998
2014-09-09 00:00:00+00:00,177.6580340438
2014-09-10 00:00:00+00:00,178.3265245391
2014-09-11 00:00:00+00:00,178.53152829099997
2014-09-12 00:00:00+00:00,177.48868311830003
2014-09-15 00:00:00+00:00,177.35498501919997
2014-09-16 00:00:00+00:00,178.69196600990003
2014-09-17 00:00:00+00:00,178.9326225882
2014-09-18 00:00:00+00:00,179.88633569490003
2014-09-19 00:00:00+00:00,179.72517600630002
2014-09-22 00:00:00+00:00,178.3371639345
2014-09-23 00:00:00+00:00,177.31630344299998
2014-09-24 00:00:00+00:00,178.7043155148
2014-09-25 00:00:00+00:00,175.8208323721
2014-09-26 00:00:00+00:00,177.21779936049998
2014-09-29 00:00:00+00:00,176.8954223632
2014-09-30 00:00:00+00:00,176.42976670040002
2014-10-01 00:00:00+00:00,174.0388039702
2014-10-02 00:00:00+00:00,174.06566872
2014-10-03 00:00:00+00:00,175.98202087080003
2014-10-06 00:00:00+00:00,175.7760577891
2014-10-07 00:00:00+00:00,173.06271806169997
2014-10-08 00:00:00+00:00,176.0894798699
2014-10-09 00:00:00+00:00,172.5970623989
2014-10-10 00:00:00+00:00,170.6269807486
2014-10-13 00:00:00+00:00,167.8240918552
2014-10-14 00:00:00+00:00,168.08378443639998
2014-10-15 00:00:00+00:00,166.9465100292
2014-10-16 00:00:00+00:00,166.8032313637
2014-10-17 00:00:00+00:00,168.773313014
2014-10-20 00:00:00+00:00,170.4120627504
2014-10-21 00:00:00+00:00,173.7880663057
2014-10-22 00:00:00+00:00,172.5522878159
2014-10-23 00:00:00+00:00,174.55818913259998
2014-10-24 00:00:00+00:00,175.9014266214
2014-10-27 00:00:00+00:00,175.6596438734
2014-10-28 00:00:00+00:00,177.67450010669998
2014-10-29 00:00:00+00:00,177.4058526089
2014-10-30 00:00:00+00:00,178.54312701610002
2014-10-31 00:00:00+00:00,180.58484799919998
2014-11-03 00:00:00+00:00,180.68335208169998
2014-11-04 00:00:00+00:00,180.0565079202
2014-11-05 00:00:00+00:00,181.19378232740002
2014-11-06 00:00:00+00:00,181.9191305714
2014-11-07 00:00:00+00:00,182.0892739867
2014-11-10 00:00:00+00:00,182.6623886486
2014-11-11 00:00:00+00:00,182.84148698040002
2014-11-12 00:00:00+00:00,182.64447881540002
2014-11-13 00:00:00+00:00,182.850441897
2014-11-14 00:00:00+00:00,182.89521648
2014-11-17 00:00:00+00:00,183.0116303957
2014-11-18 00:00:00+00:00,184.0683105535
2014-11-19 00:00:00+00:00,183.772798306
2014-11-20 00:00:00+00:00,184.0951753033
2014-11-21 00:00:00+00:00,185.08021612849998
2014-11-24 00:00:00+00:00,185.59960129080002
2014-11-25 00:00:00+00:00,185.46527754189998
2014-11-26 00:00:00+00:00,185.93988812130002
2014-11-28 00:00:00+00:00,185.54587179130002
2014-12-01 00:00:00+00:00,184.256363802
2014-12-02 00:00:00+00:00,185.44736770880002
2014-12-03 00:00:00+00:00,186.1637610361
2014-12-04 00:00:00+00:00,185.9577979545
2014-12-05 00:00:00+00:00,186.2622651186
2014-12-08 00:00:00+00:00,185.01753171229998
2014-12-09 00:00:00+00:00,184.89216288
2014-12-10 00:00:00+00:00,181.928085488
2014-12-11 00:00:00+00:00,182.850441897
2014-12-12 00:00:00+00:00,179.8953194216
2014-12-15 00:00:00+00:00,178.6595409318
2014-12-16 00:00:00+00:00,177.22675427709999
2014-12-17 00:00:00+00:00,180.70126191490002
2014-12-18 00:00:00+00:00,185.16976529439998
2014-12-19 00:00:00+00:00,185.9532488569
2014-12-22 00:00:00+00:00,186.8086410049
2014-12-23 00:00:00+00:00,187.06075658540001
2014-12-24 00:00:00+00:00,187.07876484119998
2014-12-26 00:00:00+00:00,187.6820414087
2014-12-29 00:00:00+00:00,187.93415698919998
2014-12-30 00:00:00+00:00,186.9256946673
2014-12-31 00:00:00+00:00,185.0708443252
2015-01-02 00:00:00+00:00,184.9717989186
2015-01-05 00:00:00+00:00,181.63126747729999
2015-01-06 00:00:00+00:00,179.92048318119998
2015-01-07 00:00:00+00:00,182.16251102189997
2015-01-08 00:00:00+00:00,185.3949929287
2015-01-09 00:00:00+00:00,183.9093118295
2015-01-12 00:00:00+00:00,182.4686513696
2015-01-13 00:00:00+00:00,181.9554160808
2015-01-14 00:00:00+00:00,180.8569124801
2015-01-15 00:00:00+00:00,179.2001529513
2015-01-16 00:00:00+00:00,181.5502303264
2015-01-20 00:00:00+00:00,181.937407825
2015-01-21 00:00:00+00:00,182.8558288682
2015-01-22 00:00:00+00:00,185.57507548619998
2015-01-23 00:00:00+00:00,184.55760903639998
2015-01-26 00:00:00+00:00,184.9898071744
2015-01-27 00:00:00+00:00,182.54968852049998
2015-01-28 00:00:00+00:00,180.2086152732
2015-01-29 00:00:00+00:00,181.87437892990002
2015-01-30 00:00:00+00:00,179.5873304499
2015-02-02 00:00:00+00:00,181.8113500348
2015-02-03 00:00:00+00:00,184.440555374
2015-02-04 00:00:00+00:00,183.7382333998
2015-02-05 00:00:00+00:00,185.5930837419
2015-02-06 00:00:00+00:00,185.07984845310003
2015-02-09 00:00:00+00:00,184.2514686887
2015-02-10 00:00:00+00:00,186.2143685652
2015-02-11 00:00:00+00:00,186.3224180997
2015-02-12 00:00:00+00:00,188.1142395467
2015-02-13 00:00:00+00:00,188.88859454389998
2015-02-17 00:00:00+00:00,189.18573076369998
2015-02-18 00:00:00+00:00,189.2037390195
2015-02-19 00:00:00+00:00,189.0686771013
2015-02-20 00:00:00+00:00,190.20319721349998
2015-02-23 00:00:00+00:00,190.17618482990002
2015-02-24 00:00:00+00:00,190.7164325023
2015-02-25 00:00:00+00:00,190.5543582006
2015-02-26 00:00:00+00:00,190.32925500369998
2015-02-27 00:00:00+00:00,189.68095779680002
2015-03-02 00:00:00+00:00,190.878506804
2015-03-03 00:00:00+00:00,190.095147679
2015-03-04 00:00:00+00:00,189.2937802982
2015-03-05 00:00:00+00:00,189.5008752393
2015-03-06 00:00:00+00:00,186.8356533886
2015-03-09 00:00:00+00:00,187.61000838569998
2015-03-10 00:00:00+00:00,184.5666131643
2015-03-11 00:00:00+00:00,184.13441502630002
2015-03-12 00:00:00+00:00,186.4754882736
2015-03-13 00:00:00+00:00,185.3319640336
2015-03-16 00:00:00+00:00,187.80809919900003
2015-03-17 00:00:00+00:00,187.24984327080003
2015-03-18 00:00:00+00:00,189.5008752393
2015-03-19 00:00:00+00:00,188.6364789634
2015-03-20 00:00:00+00:00,190.2939678266
2015-03-23 00:00:00+00:00,189.9231654559
2015-03-24 00:00:00+00:00,188.85597814529999
2015-03-25 00:00:00+00:00,186.08852630580003
2015-03-26 00:00:00+00:00,185.645372253
2015-03-27 00:00:00+00:00,186.07043838529998
2015-03-30 00:00:00+00:00,188.34047241049998
2015-03-31 00:00:00+00:00,186.6944716432
2015-04-01 00:00:00+00:00,186.03426254419998
2015-04-02 00:00:00+00:00,186.7035156034
2015-04-06 00:00:00+00:00,187.9606260796
2015-04-07 00:00:00+00:00,187.46320826529998
2015-04-08 00:00:00+00:00,188.0962854834
2015-04-09 00:00:00+00:00,188.9283298274
2015-04-10 00:00:00+00:00,189.959341297
2015-04-13 00:00:00+00:00,189.1001650723
2015-04-14 00:00:00+00:00,189.4619234827
2015-04-15 00:00:00+00:00,190.3120557471
2015-04-16 00:00:00+00:00,190.2577919855
2015-04-17 00:00:00+00:00,188.0691536027
2015-04-20 00:00:00+00:00,189.787506052
2015-04-21 00:00:00+00:00,189.5614070455
2015-04-22 00:00:00+00:00,190.4929349523
2015-04-23 00:00:00+00:00,190.97226484610002
2015-04-24 00:00:00+00:00,191.4154188988
2015-04-27 00:00:00+00:00,190.6195503959
2015-04-28 00:00:00+00:00,191.22549573330002
2015-04-29 00:00:00+00:00,190.4386711907
2015-04-30 00:00:00+00:00,188.5303955759
2015-05-01 00:00:00+00:00,190.57433059459999
2015-05-04 00:00:00+00:00,191.1169682102
2015-05-05 00:00:00+00:00,188.9283298274
2015-05-06 00:00:00+00:00,188.150549245
2015-05-07 00:00:00+00:00,188.9011979466
2015-05-08 00:00:00+00:00,191.388287018
2015-05-11 00:00:00+00:00,190.4748470318
2015-05-12 00:00:00+00:00,189.9050775354
2015-05-13 00:00:00+00:00,189.9412533764
2015-05-14 00:00:00+00:00,191.92188067330002
2015-05-15 00:00:00+00:00,192.1298917593
2015-05-18 00:00:00+00:00,192.72679313650002
2015-05-19 00:00:00+00:00,192.6634854147
2015-05-20 00:00:00+00:00,192.52782601080003
2015-05-21 00:00:00+00:00,193.0885515469
2015-05-22 00:00:00+00:00,192.6273095736
2015-05-26 00:00:00+00:00,190.5562426741
2015-05-27 00:00:00+00:00,192.3650347261
2015-05-28 00:00:00+00:00,192.1479796798
2015-05-29 00:00:00+00:00,190.95417692549998
2015-06-01 00:00:00+00:00,191.34306721669998
2015-06-02 00:00:00+00:00,191.15314405130002
2015-06-03 00:00:00+00:00,191.6596058258
2015-06-04 00:00:00+00:00,190.0407369393
2015-06-05 00:00:00+00:00,189.71515437
2015-06-08 00:00:00+00:00,188.4942197349
2015-06-09 00:00:00+00:00,188.52135161569998
2015-06-10 00:00:00+00:00,190.7913856409
2015-06-11 00:00:00+00:00,191.4154188988
2015-06-12 00:00:00+00:00,189.8598577341
2015-06-15 00:00:00+00:00,189.1092090325
2015-06-16 00:00:00+00:00,190.14926446240003
2015-06-17 00:00:00+00:00,190.45675911130002
2015-06-18 00:00:00+00:00,192.3740786863
2015-06-19 00:00:00+00:00,191.5873174515
2015-06-22 00:00:00+00:00,192.5688377913
2015-06-23 00:00:00+00:00,192.714248212
2015-06-24 00:00:00+00:00,191.31467291259997
2015-06-25 00:00:00+00:00,190.6966786245
2015-06-26 00:00:00+00:00,190.76029568360002
2015-06-29 00:00:00+00:00,186.7342446599
2015-06-30 00:00:00+00:00,187.1159470143
2015-07-01 00:00:00+00:00,188.64275643189998
2015-07-02 00:00:00+00:00,188.4155526495
2015-07-06 00:00:00+00:00,187.8248228153
2015-07-07 00:00:00+00:00,189.0426350888
2015-07-08 00:00:00+00:00,185.8799584381
2015-07-09 00:00:00+00:00,186.12533852310003
2015-07-10 00:00:00+00:00,188.56096307020002
2015-07-13 00:00:00+00:00,190.6330615655
2015-07-14 00:00:00+00:00,191.5055240898
2015-07-15 00:00:00+00:00,191.42373072810003
2015-07-16 00:00:00+00:00,192.9141875405
2015-07-17 00:00:00+00:00,193.0959505664
2015-07-20 00:00:00+00:00,193.2322728359
2015-07-21 00:00:00+00:00,192.4506918245
2015-07-22 00:00:00+00:00,192.0235487136
2015-07-23 00:00:00+00:00,190.97841131470003
2015-07-24 00:00:00+00:00,188.9790180298
2015-07-27 00:00:00+00:00,187.88843987439998
2015-07-28 00:00:00+00:00,190.22409475720002
2015-07-29 00:00:00+00:00,191.55096484630002
2015-07-30 00:00:00+00:00,191.5964056027
2015-07-31 00:00:00+00:00,191.2601440048
2015-08-03 00:00:00+00:00,190.6057971116
2015-08-04 00:00:00+00:00,190.2331829085
2015-08-05 00:00:00+00:00,190.9420587095
2015-08-06 00:00:00+00:00,189.35163223290002
2015-08-07 00:00:00+00:00,188.9608417272
2015-08-10 00:00:00+00:00,191.42373072810003
2015-08-11 00:00:00+00:00,189.633364923
2015-08-12 00:00:00+00:00,189.86965685669998
2015-08-13 00:00:00+00:00,189.6697175282
2015-08-14 00:00:00+00:00,190.2695355137
2015-08-17 00:00:00+00:00,191.3601136691
2015-08-18 00:00:00+00:00,190.7875601375
2015-08-19 00:00:00+00:00,189.2880151738
2015-08-20 00:00:00+00:00,185.40737457080002
2015-08-21 00:00:00+00:00,179.6091340445
2015-08-24 00:00:00+00:00,172.26590779810002
2015-08-25 00:00:00+00:00,170.1574566977
2015-08-26 00:00:00+00:00,176.9281294125
2015-08-27 00:00:00+00:00,180.9996211927
2015-08-28 00:00:00+00:00,181.07232640310002
2015-08-31 00:00:00+00:00,179.52734068290002
2015-09-01 00:00:00+00:00,174.2834773856
2015-09-02 00:00:00+00:00,177.591564457
2015-09-03 00:00:00+00:00,177.8096800881
2015-09-04 00:00:00+00:00,175.0287057918
2015-09-08 00:00:00+00:00,179.4546354725
2015-09-09 00:00:00+00:00,177.00083462290002
2015-09-10 00:00:00+00:00,177.99144311400002
2015-09-11 00:00:00+00:00,178.8002885793
2015-09-14 00:00:00+00:00,178.1095890809
2015-09-15 00:00:00+00:00,180.3543624507
2015-09-16 00:00:00+00:00,181.8902600196
2015-09-17 00:00:00+00:00,181.49038136259998
2015-09-18 00:00:00+00:00,178.48532051990003
2015-09-21 00:00:00+00:00,179.4720329797
2015-09-22 00:00:00+00:00,177.15143145369998
2015-09-23 00:00:00+00:00,176.8773446593
2015-09-24 00:00:00+00:00,176.26521748509998
2015-09-25 00:00:00+00:00,176.2104001262
2015-09-28 00:00:00+00:00,171.678831792
2015-09-29 00:00:00+00:00,171.8341476422
2015-09-30 00:00:00+00:00,175.0409631368
2015-10-01 00:00:00+00:00,175.53431936669998
2015-10-02 00:00:00+00:00,178.1564163666
2015-10-05 00:00:00+00:00,181.32668695520002
2015-10-06 00:00:00+00:00,180.7054235546
2015-10-07 00:00:00+00:00,182.1854922444
2015-10-08 00:00:00+00:00,183.83001301080003
2015-10-09 00:00:00+00:00,183.9396477286
2015-10-12 00:00:00+00:00,184.11323603169998
2015-10-13 00:00:00+00:00,182.9529352687
2015-10-14 00:00:00+00:00,182.0758575266
2015-10-15 00:00:00+00:00,184.8715428296
2015-10-16 00:00:00+00:00,185.71207566580003
2015-10-19 00:00:00+00:00,185.8034379306
2015-10-20 00:00:00+00:00,185.56589604209998
2015-10-21 00:00:00+00:00,184.4147315056
2015-10-22 00:00:00+00:00,187.48450360299998
2015-10-23 00:00:00+00:00,189.59497191990002
2015-10-26 00:00:00+00:00,189.11075191650002
2015-10-27 00:00:00+00:00,188.7270304043
2015-10-28 00:00:00+00:00,190.8923160801
2015-10-29 00:00:00+00:00,190.8466349477
2015-10-30 00:00:00+00:00,189.9695572056
2015-11-02 00:00:00+00:00,192.2170689198
2015-11-03 00:00:00+00:00,192.7743787351
2015-11-04 00:00:00+00:00,192.20793269330002
2015-11-05 00:00:00+00:00,191.9977994843
2015-11-06 00:00:00+00:00,191.897300993
2015-11-09 00:00:00+00:00,190.1066006028
2015-11-10 00:00:00+00:00,190.5451394739
2015-11-11 00:00:00+00:00,189.7959689025
2015-11-12 00:00:00+00:00,187.1464632232
2015-11-13 00:00:00+00:00,185.0451311327
2015-11-16 00:00:00+00:00,187.8590888887
2015-11-17 00:00:00+00:00,187.7220454915
2015-11-18 00:00:00+00:00,190.7004553241
2015-11-19 00:00:00+00:00,190.5360032474
2015-11-20 00:00:00+00:00,191.2303564599
2015-11-23 00:00:00+00:00,191.01108702439998
2015-11-24 00:00:00+00:00,191.2669013658
2015-11-25 00:00:00+00:00,191.23949268639998
2015-11-27 00:00:00+00:00,191.45876212189998
2015-11-30 00:00:00+00:00,190.66391041810002
2015-12-01 00:00:00+00:00,192.4820194877
2015-12-02 00:00:00+00:00,190.5177307945
2015-12-03 00:00:00+00:00,187.84995266220002
2015-12-04 00:00:00+00:00,191.51357948080002
2015-12-07 00:00:00+00:00,190.35327871779998
2015-12-08 00:00:00+00:00,189.07420701060002
2015-12-09 00:00:00+00:00,187.60327454720002
2015-12-10 00:00:00+00:00,188.0874945507
2015-12-11 00:00:00+00:00,184.442140185
2015-12-14 00:00:00+00:00,185.37403528599998
2015-12-15 00:00:00+00:00,187.3200515263
2015-12-16 00:00:00+00:00,190.06091947040002
2015-12-17 00:00:00+00:00,187.1647356762
2015-12-18 00:00:00+00:00,183.84970157889998
2015-12-21 00:00:00+00:00,185.3663099561
2015-12-22 00:00:00+00:00,187.04836651990001
2015-12-23 00:00:00+00:00,189.3646411323
2015-12-24 00:00:00+00:00,189.052127891
2015-12-28 00:00:00+00:00,188.6201242926
2015-12-29 00:00:00+00:00,190.6330772296
2015-12-30 00:00:00+00:00,189.281917039
2015-12-31 00:00:00+00:00,187.388454459
2016-01-04 00:00:00+00:00,184.7681228459
2016-01-05 00:00:00+00:00,185.0813714125
2016-01-06 00:00:00+00:00,182.7467136682
2016-01-07 00:00:00+00:00,178.36233672330002
2016-01-08 00:00:00+00:00,176.4072906516
2016-01-11 00:00:00+00:00,176.5791729343
2016-01-12 00:00:00+00:00,178.00460097759998
2016-01-13 00:00:00+00:00,173.5643393118
2016-01-14 00:00:00+00:00,176.4137247477
2016-01-15 00:00:00+00:00,172.6267995877
2016-01-19 00:00:00+00:00,172.85658873580002
2016-01-20 00:00:00+00:00,170.64142134850002
2016-01-21 00:00:00+00:00,171.5973442044
2016-01-22 00:00:00+00:00,175.1177139527
2016-01-25 00:00:00+00:00,172.470542967
2016-01-26 00:00:00+00:00,174.8235838432
2016-01-27 00:00:00+00:00,172.92092969720002
2016-01-28 00:00:00+00:00,173.82170315759998
2016-01-29 00:00:00+00:00,178.0597503731
2016-02-01 00:00:00+00:00,177.99467408639998
2016-02-02 00:00:00+00:00,174.7868175795
2016-02-03 00:00:00+00:00,175.83465609459998
2016-02-04 00:00:00+00:00,176.1104030723
2016-02-05 00:00:00+00:00,172.75548151060002
2016-02-08 00:00:00+00:00,170.4300153323
2016-02-09 00:00:00+00:00,170.43920689819998
2016-02-10 00:00:00+00:00,170.2921418434
2016-02-11 00:00:00+00:00,168.07697445620002
2016-02-12 00:00:00+00:00,171.5421948089
2016-02-16 00:00:00+00:00,174.43753807439998
2016-02-17 00:00:00+00:00,177.28692351040002
2016-02-18 00:00:00+00:00,176.5607898025
2016-02-19 00:00:00+00:00,176.4780657092
2016-02-22 00:00:00+00:00,179.0333210356
2016-02-23 00:00:00+00:00,176.7721958187
2016-02-24 00:00:00+00:00,177.58105361990002
2016-02-25 00:00:00+00:00,179.7318800457
2016-02-26 00:00:00+00:00,179.3175242539
2016-02-29 00:00:00+00:00,177.91194999310002
2016-03-01 00:00:00+00:00,182.09411248770002
2016-03-02 00:00:00+00:00,182.9121618548
2016-03-03 00:00:00+00:00,183.6245082138
2016-03-04 00:00:00+00:00,184.22655578169997
2016-03-07 00:00:00+00:00,184.3736208365
2016-03-08 00:00:00+00:00,182.36066789950002
2016-03-09 00:00:00+00:00,183.2614413599
2016-03-10 00:00:00+00:00,183.4085064146
2016-03-11 00:00:00+00:00,186.3681906416
2016-03-14 00:00:00+00:00,186.1292099277
2016-03-15 00:00:00+00:00,185.8258882522
2016-03-16 00:00:00+00:00,186.90130146509998
2016-03-17 00:00:00+00:00,188.0870134691
2016-03-18 00:00:00+00:00,188.82197475689998
2016-03-21 00:00:00+00:00,189.0898990777
2016-03-22 00:00:00+00:00,188.9882726112
2016-03-23 00:00:00+00:00,187.74029960259998
2016-03-24 00:00:00+00:00,187.657889777
2016-03-28 00:00:00+00:00,187.7687550132
2016-03-29 00:00:00+00:00,189.5063828149
2016-03-30 00:00:00+00:00,190.33713298470002
2016-03-31 00:00:00+00:00,189.8751945006
2016-04-01 00:00:00+00:00,191.1686222561
2016-04-04 00:00:00+00:00,190.5496246874
2016-04-05 00:00:00+00:00,188.6456990314
2016-04-06 00:00:00+00:00,190.70668377200002
2016-04-07 00:00:00+00:00,188.4247076606
2016-04-08 00:00:00+00:00,188.93210089150003
2016-04-11 00:00:00+00:00,188.48947143599997
2016-04-12 00:00:00+00:00,190.2447452879
2016-04-13 00:00:00+00:00,192.16714848330002
2016-04-14 00:00:00+00:00,192.1756481514
2016-04-15 00:00:00+00:00,191.96315644869998
2016-04-18 00:00:00+00:00,193.3112777207
2016-04-19 00:00:00+00:00,193.92177562130001
2016-04-20 00:00:00+00:00,194.10655101490002
2016-04-21 00:00:00+00:00,193.0625700409
2016-04-22 00:00:00+00:00,193.0625700409
2016-04-25 00:00:00+00:00,192.7299743323
2016-04-26 00:00:00+00:00,193.01563709090001
2016-04-27 00:00:00+00:00,193.41364328880002
2016-04-28 00:00:00+00:00,191.6559673568
2016-04-29 00:00:00+00:00,190.6242739464
2016-05-02 00:00:00+00:00,192.1386930727
2016-05-03 00:00:00+00:00,190.4657366587
2016-05-04 00:00:00+00:00,189.4040172469
2016-05-05 00:00:00+00:00,189.3670621681
2016-05-06 00:00:00+00:00,190.0599698943
2016-05-09 00:00:00+00:00,190.2162898773
2016-05-10 00:00:00+00:00,192.58215401740003
2016-05-11 00:00:00+00:00,190.7805939294
2016-05-12 00:00:00+00:00,190.8360265475
2016-05-13 00:00:00+00:00,189.1730480048
2016-05-16 00:00:00+00:00,191.0392794805
2016-05-17 00:00:00+00:00,189.25693603349998
2016-05-18 00:00:00+00:00,189.31162955
2016-05-19 00:00:00+00:00,188.6556769026
2016-05-20 00:00:00+00:00,189.8474781916
2016-05-23 00:00:00+00:00,189.5887926405
2016-05-24 00:00:00+00:00,192.0463053759
2016-05-25 00:00:00+00:00,193.348971901
2016-05-26 00:00:00+00:00,193.4044045191
2016-05-27 00:00:00+00:00,194.2358937904
2016-05-31 00:00:00+00:00,193.8663430032
2016-06-01 00:00:00+00:00,194.2636100995
2016-06-02 00:00:00+00:00,194.8548913591
2016-06-03 00:00:00+00:00,194.27284886919998
2016-06-06 00:00:00+00:00,195.26139722509998
2016-06-07 00:00:00+00:00,195.5662766246
2016-06-08 00:00:00+00:00,196.2037517327
2016-06-09 00:00:00+00:00,195.9358274119
2016-06-10 00:00:00+00:00,194.0788347058
2016-06-13 00:00:00+00:00,192.58141491580002
2016-06-14 00:00:00+00:00,192.2033644604
2016-06-15 00:00:00+00:00,191.9354401397
2016-06-16 00:00:00+00:00,192.5082438599
2016-06-17 00:00:00+00:00,191.7954191941
2016-06-20 00:00:00+00:00,193.0305920952
2016-06-21 00:00:00+00:00,193.57852593849998
2016-06-22 00:00:00+00:00,193.2627674525
2016-06-23 00:00:00+00:00,195.7795483261
2016-06-24 00:00:00+00:00,188.6471213486
2016-06-27 00:00:00+00:00,185.3688053029
2016-06-28 00:00:00+00:00,188.7118518382
2016-06-29 00:00:00+00:00,191.92543739419997
2016-06-30 00:00:00+00:00,194.5397319179
2016-07-01 00:00:00+00:00,194.9537470151
2016-07-05 00:00:00+00:00,193.55066489560002
2016-07-06 00:00:00+00:00,194.71154168240002
2016-07-07 00:00:00+00:00,194.58709569080003
2016-07-08 00:00:00+00:00,197.4883589562
2016-07-11 00:00:00+00:00,198.1848850282
2016-07-12 00:00:00+00:00,199.62437224369998
2016-07-13 00:00:00+00:00,199.5965112009
2016-07-14 00:00:00+00:00,200.7109529161
2016-07-15 00:00:00+00:00,200.4416295016
2016-07-18 00:00:00+00:00,200.97953336950002
2016-07-19 00:00:00+00:00,200.7759620162
2016-07-20 00:00:00+00:00,201.6071497955
2016-07-21 00:00:00+00:00,200.8456146234
2016-07-22 00:00:00+00:00,201.751098517
2016-07-25 00:00:00+00:00,201.2031646737
2016-07-26 00:00:00+00:00,201.29603481659998
2016-07-27 00:00:00+00:00,201.0824334879
2016-07-28 00:00:00+00:00,201.3146088452
2016-07-29 00:00:00+00:00,201.6396543455
2016-08-01 00:00:00+00:00,201.4724880882
2016-08-02 00:00:00+00:00,200.1808501402
2016-08-03 00:00:00+00:00,200.76667500189998
2016-08-04 00:00:00+00:00,200.9799977202
2016-08-05 00:00:00+00:00,202.6240778606
2016-08-08 00:00:00+00:00,202.50334667479999
2016-08-09 00:00:00+00:00,202.6240778606
2016-08-10 00:00:00+00:00,202.12257908880002
2016-08-11 00:00:00+00:00,203.06056753240003
2016-08-12 00:00:00+00:00,202.8841142608
2016-08-15 00:00:00+00:00,203.4691961613
2016-08-16 00:00:00+00:00,202.4197635462
2016-08-17 00:00:00+00:00,202.8005311322
2016-08-18 00:00:00+00:00,203.2555948326
2016-08-19 00:00:00+00:00,202.9584103752
2016-08-22 00:00:00+00:00,202.9491233609
2016-08-23 00:00:00+00:00,203.3577519898
2016-08-24 00:00:00+00:00,202.3176063889
2016-08-25 00:00:00+00:00,202.1783011745
2016-08-26 00:00:00+00:00,201.7975335885
2016-08-29 00:00:00+00:00,202.79198707900002
2016-08-30 00:00:00+00:00,202.45691160330003
2016-08-31 00:00:00+00:00,201.88111671709999
2016-09-01 00:00:00+00:00,201.8904037314
2016-09-02 00:00:00+00:00,202.8005311322
2016-09-06 00:00:00+00:00,203.4142170367
2016-09-07 00:00:00+00:00,203.39490004700002
2016-09-08 00:00:00+00:00,202.9305493323
2016-09-09 00:00:00+00:00,198.0734408567
2016-09-12 00:00:00+00:00,200.91526723060002
2016-09-13 00:00:00+00:00,198.0270057852
2016-09-14 00:00:00+00:00,197.9527096709
2016-09-15 00:00:00+00:00,199.93084371540002
2016-09-16 00:00:00+00:00,199.1619420836
2016-09-19 00:00:00+00:00,199.19927853049998
2016-09-20 00:00:00+00:00,199.20861264229998
2016-09-21 00:00:00+00:00,201.4487994586
2016-09-22 00:00:00+00:00,202.7182386545
2016-09-23 00:00:00+00:00,201.60747935810002
2016-09-26 00:00:00+00:00,199.9740098045
2016-09-27 00:00:00+00:00,201.2154466652
2016-09-28 00:00:00+00:00,202.2141966209
2016-09-29 00:00:00+00:00,200.3847107209
2016-09-30 00:00:00+00:00,201.8968368219
2016-10-03 00:00:00+00:00,201.4114630117
2016-10-04 00:00:00+00:00,200.3847107209
2016-10-05 00:00:00+00:00,201.2714513357
2016-10-06 00:00:00+00:00,201.4114630117
2016-10-07 00:00:00+00:00,200.72073874330002
2016-10-10 00:00:00+00:00,201.76615925759998
2016-10-11 00:00:00+00:00,199.21794675400002
2016-10-12 00:00:00+00:00,199.47930188259997
2016-10-13 00:00:00+00:00,198.8259140612
2016-10-14 00:00:00+00:00,198.9285892902
2016-10-17 00:00:00+00:00,198.23786502189998
2016-10-18 00:00:00+00:00,199.47930188259997
2016-10-19 00:00:00+00:00,200.01134625150002
2016-10-20 00:00:00+00:00,199.63798178209998
2016-10-21 00:00:00+00:00,199.7313228994
2016-10-24 00:00:00+00:00,200.5807270673
2016-10-25 00:00:00+00:00,199.90867102240003
2016-10-26 00:00:00+00:00,199.5073042178
2016-10-27 00:00:00+00:00,198.97525984889998
2016-10-28 00:00:00+00:00,198.3872108096
2016-10-31 00:00:00+00:00,198.3965449214
2016-11-01 00:00:00+00:00,196.95909171419999
2016-11-02 00:00:00+00:00,195.7736595239
2016-11-03 00:00:00+00:00,194.8775847974
2016-11-04 00:00:00+00:00,194.6629002275
2016-11-07 00:00:00+00:00,198.95659162540002
2016-11-08 00:00:00+00:00,199.852666352
2016-11-09 00:00:00+00:00,201.9707629868
2016-11-10 00:00:00+00:00,202.47555174939998
2016-11-11 00:00:00+00:00,202.0088461627
2016-11-14 00:00:00+00:00,202.1675260622
2016-11-15 00:00:00+00:00,203.74499094540002
2016-11-16 00:00:00+00:00,203.3622923642
2016-11-17 00:00:00+00:00,204.40771287849998
2016-11-18 00:00:00+00:00,203.95034140349998
2016-11-21 00:00:00+00:00,205.4904698397
2016-11-22 00:00:00+00:00,205.8918366443
2016-11-23 00:00:00+00:00,206.0038459852
2016-11-25 00:00:00+00:00,206.7692431474
2016-11-28 00:00:00+00:00,205.798495527
2016-11-29 00:00:00+00:00,206.1998623316
2016-11-30 00:00:00+00:00,205.7051544096
2016-12-01 00:00:00+00:00,204.9490913591
2016-12-02 00:00:00+00:00,205.0517665882
2016-12-05 00:00:00+00:00,206.2838693372
2016-12-06 00:00:00+00:00,206.9372571586
2016-12-07 00:00:00+00:00,209.64414956169998
2016-12-08 00:00:00+00:00,210.15752570709998
2016-12-09 00:00:00+00:00,211.426964903
2016-12-12 00:00:00+00:00,211.1842779979
2016-12-13 00:00:00+00:00,212.59372886990002
2016-12-14 00:00:00+00:00,210.83891586369998
2016-12-15 00:00:00+00:00,211.7069882551
2016-12-16 00:00:00+00:00,211.29528858880002
2016-12-19 00:00:00+00:00,211.75536098220002
2016-12-20 00:00:00+00:00,212.5722242113
2016-12-21 00:00:00+00:00,211.9807025626
2016-12-22 00:00:00+00:00,211.61452249439998
2016-12-23 00:00:00+00:00,211.9243671675
2016-12-27 00:00:00+00:00,212.4501641885
2016-12-28 00:00:00+00:00,210.69437770759998
2016-12-29 00:00:00+00:00,210.647431545
2016-12-30 00:00:00+00:00,209.8775144785
2017-01-03 00:00:00+00:00,211.4830732391
2017-01-04 00:00:00+00:00,212.7412303966
2017-01-05 00:00:00+00:00,212.5722242113
2017-01-06 00:00:00+00:00,213.3327520452
2017-01-09 00:00:00+00:00,212.6285596064
2017-01-10 00:00:00+00:00,212.6285596064
2017-01-11 00:00:00+00:00,213.2294704875
2017-01-12 00:00:00+00:00,212.694284234
2017-01-13 00:00:00+00:00,213.18252432490002
2017-01-17 00:00:00+00:00,212.43138572349997
2017-01-18 00:00:00+00:00,212.90084734939998
2017-01-19 00:00:00+00:00,212.1121518179
2017-01-20 00:00:00+00:00,212.8914581169
2017-01-23 00:00:00+00:00,212.3374933983
2017-01-24 00:00:00+00:00,213.6989321134
2017-01-25 00:00:00+00:00,215.54861091950002
2017-01-26 00:00:00+00:00,215.3232693391
2017-01-27 00:00:00+00:00,214.9852569684
2017-01-30 00:00:00+00:00,213.65198595080003
2017-01-31 00:00:00+00:00,213.63320748580003
2017-02-01 00:00:00+00:00,213.71771057849998
2017-02-02 00:00:00+00:00,213.8585490662
2017-02-03 00:00:00+00:00,215.3326585716
2017-02-06 00:00:00+00:00,214.9477000383
2017-02-07 00:00:00+00:00,214.9570892709
2017-02-08 00:00:00+00:00,215.2387662464
2017-02-09 00:00:00+00:00,216.51570186889998
2017-02-10 00:00:00+00:00,217.370122028
2017-02-13 00:00:00+00:00,218.5531653253
2017-02-14 00:00:00+00:00,219.4263639495
2017-02-15 00:00:00+00:00,220.5718503167
2017-02-16 00:00:00+00:00,220.3840656664
2017-02-17 00:00:00+00:00,220.7314672695
2017-02-21 00:00:00+00:00,222.0459598221
2017-02-22 00:00:00+00:00,221.84878593919998
2017-02-23 00:00:00+00:00,221.9990136595
2017-02-24 00:00:00+00:00,222.280690635
2017-02-27 00:00:00+00:00,222.6280922382
2017-02-28 00:00:00+00:00,222.02718135700002
2017-03-01 00:00:00+00:00,225.1350173206
2017-03-02 00:00:00+00:00,223.71724321029998
2017-03-03 00:00:00+00:00,223.85808169810002
2017-03-06 00:00:00+00:00,223.1914461893
2017-03-07 00:00:00+00:00,222.5248106805
2017-03-08 00:00:00+00:00,222.11168444970002
2017-03-09 00:00:00+00:00,222.3933614253
2017-03-10 00:00:00+00:00,223.1726677243
2017-03-13 00:00:00+00:00,223.2853385145
2017-03-14 00:00:00+00:00,222.43091835529998
2017-03-15 00:00:00+00:00,224.3557110216
2017-03-16 00:00:00+00:00,223.9144170932
2017-03-17 00:00:00+00:00,223.5229968901
2017-03-20 00:00:00+00:00,223.27781282400002
2017-03-21 00:00:00+00:00,220.41104528169998
2017-03-22 00:00:00+00:00,220.92970388310002
2017-03-23 00:00:00+00:00,220.6939499734
2017-03-24 00:00:00+00:00,220.5336373148
2017-03-27 00:00:00+00:00,220.30731356150002
2017-03-28 00:00:00+00:00,221.91044014759999
2017-03-29 00:00:00+00:00,222.1179035882
2017-03-30 00:00:00+00:00,222.8251653173
2017-03-31 00:00:00+00:00,222.3065067159
2017-04-03 00:00:00+00:00,221.91987030400003
2017-04-04 00:00:00+00:00,222.0613226498
2017-04-05 00:00:00+00:00,221.4012117026
2017-04-06 00:00:00+00:00,222.0236020243
2017-04-07 00:00:00+00:00,221.7972782709
2017-04-10 00:00:00+00:00,221.92930046040001
2017-04-11 00:00:00+00:00,221.66525608150002
2017-04-12 00:00:00+00:00,220.6939499734
2017-04-13 00:00:00+00:00,219.2605662023
2017-04-17 00:00:00+00:00,221.2031784184
2017-04-18 00:00:00+00:00,220.54306747119998
2017-04-19 00:00:00+00:00,220.13757074650002
2017-04-20 00:00:00+00:00,221.92930046040001
2017-04-21 00:00:00+00:00,221.2220387312
2017-04-24 00:00:00+00:00,223.65501907959998
2017-04-25 00:00:00+00:00,224.95638066130002
2017-04-26 00:00:00+00:00,224.8149283154
2017-04-27 00:00:00+00:00,225.0035314432
2017-04-28 00:00:00+00:00,224.51316331099997
2017-05-01 00:00:00+00:00,225.0789726943
2017-05-02 00:00:00+00:00,225.1638441018
2017-05-03 00:00:00+00:00,224.89036956650003
2017-05-04 00:00:00+00:00,225.15441394540002
2017-05-05 00:00:00+00:00,226.04084864599997
2017-05-08 00:00:00+00:00,226.0031280205
2017-05-09 00:00:00+00:00,225.7956645799
2017-05-10 00:00:00+00:00,226.2011613046
2017-05-11 00:00:00+00:00,225.7390836416
2017-05-12 00:00:00+00:00,225.36187738599997
2017-05-15 00:00:00+00:00,226.6066580294
2017-05-16 00:00:00+00:00,226.39919458880001
2017-05-17 00:00:00+00:00,222.3819479671
2017-05-18 00:00:00+00:00,223.27781282400002
2017-05-19 00:00:00+00:00,224.7300569079
2017-05-22 00:00:00+00:00,225.871105831
2017-05-23 00:00:00+00:00,226.3709041196
2017-05-24 00:00:00+00:00,226.89899287740002
2017-05-25 00:00:00+00:00,227.98346086220002
2017-05-26 00:00:00+00:00,227.9363100802
2017-05-30 00:00:00+00:00,227.73827679599998
2017-05-31 00:00:00+00:00,227.6816958577
2017-06-01 00:00:00+00:00,229.4922858844
2017-06-02 00:00:00+00:00,230.2561285519
2017-06-05 00:00:00+00:00,230.08638573689998
2017-06-06 00:00:00+00:00,229.3508335386
2017-06-07 00:00:00+00:00,229.77519057610002
2017-06-08 00:00:00+00:00,229.88835245279998
2017-06-09 00:00:00+00:00,229.5394366664
2017-06-12 00:00:00+00:00,229.4922858844
2017-06-13 00:00:00+00:00,230.6144744947
2017-06-14 00:00:00+00:00,230.32213964669998
2017-06-15 00:00:00+00:00,229.8789222964
2017-06-16 00:00:00+00:00,229.9290039709
2017-06-19 00:00:00+00:00,231.8431837765
2017-06-20 00:00:00+00:00,230.27962106400003
2017-06-21 00:00:00+00:00,230.2227642381
2017-06-22 00:00:00+00:00,230.1185267239
2017-06-23 00:00:00+00:00,230.39333471580002
2017-06-26 00:00:00+00:00,230.54495291830003
2017-06-27 00:00:00+00:00,228.6876299386
2017-06-28 00:00:00+00:00,230.7344756713
2017-06-29 00:00:00+00:00,228.7065822139
2017-06-30 00:00:00+00:00,229.1330084082
2017-07-03 00:00:00+00:00,229.5215300519
2017-07-05 00:00:00+00:00,230.0521937604
2017-07-06 00:00:00+00:00,227.9484912018
2017-07-07 00:00:00+00:00,229.4267686754
2017-07-10 00:00:00+00:00,229.6731482543
2017-07-11 00:00:00+00:00,229.5025777766
2017-07-12 00:00:00+00:00,231.22723482909998
2017-07-13 00:00:00+00:00,231.6157564728
2017-07-14 00:00:00+00:00,232.6960361651
2017-07-17 00:00:00+00:00,232.6676077521
2017-07-18 00:00:00+00:00,232.7907975416
2017-07-19 00:00:00+00:00,234.05112384919997
2017-07-20 00:00:00+00:00,234.1553613634
2017-07-21 00:00:00+00:00,233.94688633509998
2017-07-24 00:00:00+00:00,233.8900295092
2017-07-25 00:00:00+00:00,234.4585977682
2017-07-26 00:00:00+00:00,234.4680739059
2017-07-27 00:00:00+00:00,234.2501227399
2017-07-28 00:00:00+00:00,233.975314748
2017-07-31 00:00:00+00:00,233.8426488209
2017-08-01 00:00:00+00:00,234.36383639169998
2017-08-02 00:00:00+00:00,234.47755004349997
2017-08-03 00:00:00+00:00,234.0226954363
2017-08-04 00:00:00+00:00,234.44912163060002
2017-08-07 00:00:00+00:00,234.8850239625
2017-08-08 00:00:00+00:00,234.30697956580002
2017-08-09 00:00:00+00:00,234.2975034282
2017-08-10 00:00:00+00:00,230.9903313879
2017-08-11 00:00:00+00:00,231.33147234330002
2017-08-14 00:00:00+00:00,233.62469765490002
2017-08-15 00:00:00+00:00,233.596269242
2017-08-16 00:00:00+00:00,234.003743161
2017-08-17 00:00:00+00:00,230.3554301652
2017-08-18 00:00:00+00:00,229.99533693450002
2017-08-21 00:00:00+00:00,230.1753835499
2017-08-22 00:00:00+00:00,232.58232251330003
2017-08-23 00:00:00+00:00,231.74842239999998
2017-08-24 00:00:00+00:00,231.20828255380002
2017-08-25 00:00:00+00:00,231.74842239999998
2017-08-28 00:00:00+00:00,231.75789853759997
2017-08-29 00:00:00+00:00,232.0232303919
2017-08-30 00:00:00+00:00,233.12246235939998
2017-08-31 00:00:00+00:00,234.5249307318
2017-09-01 00:00:00+00:00,234.8565955496
2017-09-05 00:00:00+00:00,233.1698430477
2017-09-06 00:00:00+00:00,233.9658386104
2017-09-07 00:00:00+00:00,233.93741019740003
2017-09-08 00:00:00+00:00,233.66260220549998
2017-09-11 00:00:00+00:00,236.1548264078
2017-09-12 00:00:00+00:00,236.9508219705
2017-09-13 00:00:00+00:00,237.06453562229999
2017-09-14 00:00:00+00:00,236.9887265211
2017-09-15 00:00:00+00:00,237.30577344900001
2017-09-18 00:00:00+00:00,237.810496993
2017-09-19 00:00:00+00:00,238.0485741364
2017-09-20 00:00:00+00:00,238.134281908
2017-09-21 00:00:00+00:00,237.4962351637
2017-09-22 00:00:00+00:00,237.54385059240002
2017-09-25 00:00:00+00:00,237.05817321990003
2017-09-26 00:00:00+00:00,237.2010195059
2017-09-27 00:00:00+00:00,238.1247588223
2017-09-28 00:00:00+00:00,238.4104513943
2017-09-29 00:00:00+00:00,239.2484829391
2017-10-02 00:00:00+00:00,240.2864992843
2017-10-03 00:00:00+00:00,240.800745914
2017-10-04 00:00:00+00:00,241.0864384861
2017-10-05 00:00:00+00:00,242.5149013464
2017-10-06 00:00:00+00:00,242.2387318601
2017-10-09 00:00:00+00:00,241.8387622592
2017-10-10 00:00:00+00:00,242.4768090035
2017-10-11 00:00:00+00:00,242.8577324329
2017-10-12 00:00:00+00:00,242.495855175
2017-10-13 00:00:00+00:00,242.7910708328
2017-10-16 00:00:00+00:00,243.1148557478
2017-10-17 00:00:00+00:00,243.286271291
2017-10-18 00:00:00+00:00,243.5243484344
2017-10-19 00:00:00+00:00,243.5910100346
2017-10-20 00:00:00+00:00,244.8480573517
2017-10-23 00:00:00+00:00,243.8957487781
2017-10-24 00:00:00+00:00,244.32428763619998
2017-10-25 00:00:00+00:00,243.1148557478
2017-10-26 00:00:00+00:00,243.4291175771
2017-10-27 00:00:00+00:00,245.4194424958
2017-10-30 00:00:00+00:00,244.5052262652
2017-10-31 00:00:00+00:00,244.8861496946
2017-11-01 00:00:00+00:00,245.2099346096
2017-11-02 00:00:00+00:00,245.305165467
2017-11-03 00:00:00+00:00,246.1241508403
2017-11-06 00:00:00+00:00,246.5050742697
2017-11-07 00:00:00+00:00,246.3336587265
2017-11-08 00:00:00+00:00,246.75267449880002
2017-11-09 00:00:00+00:00,245.85750443970002
2017-11-10 00:00:00+00:00,245.7813197538
2017-11-13 00:00:00+00:00,246.00987381150003
2017-11-14 00:00:00+00:00,245.4384886673
2017-11-15 00:00:00+00:00,244.21001060740002
2017-11-16 00:00:00+00:00,246.28604329779998
2017-11-17 00:00:00+00:00,245.56228878189998
2017-11-20 00:00:00+00:00,245.9813045542
2017-11-21 00:00:00+00:00,247.5907060436
2017-11-22 00:00:00+00:00,247.37167507169997
2017-11-24 00:00:00+00:00,247.94306021580002
2017-11-27 00:00:00+00:00,247.8192601012
2017-11-28 00:00:00+00:00,250.3333547355
2017-11-29 00:00:00+00:00,250.1809853637
2017-11-30 00:00:00+00:00,252.37129508290002
2017-12-01 00:00:00+00:00,251.8475253675
2017-12-04 00:00:00+00:00,251.54278662389999
2017-12-05 00:00:00+00:00,250.63809347900002
2017-12-06 00:00:00+00:00,250.68570890770002
2017-12-07 00:00:00+00:00,251.47612502380002
2017-12-08 00:00:00+00:00,252.8474493697
2017-12-11 00:00:00+00:00,253.60929622860002
2017-12-12 00:00:00+00:00,254.0568812582
2017-12-13 00:00:00+00:00,254.0283120009
2017-12-14 00:00:00+00:00,252.99029565580003
2017-12-15 00:00:00+00:00,255.0866439449
2017-12-18 00:00:00+00:00,256.7042058686
2017-12-19 00:00:00+00:00,255.71835451869998
2017-12-20 00:00:00+00:00,255.5843553061
2017-12-21 00:00:00+00:00,256.11078078419996
2017-12-22 00:00:00+00:00,256.04378117790003
2017-12-26 00:00:00+00:00,255.7374972633
2017-12-27 00:00:00+00:00,255.86192510360002
2017-12-28 00:00:00+00:00,256.38835058169997
2017-12-29 00:00:00+00:00,255.4216419765
2018-01-02 00:00:00+00:00,257.2497740913
2018-01-03 00:00:00+00:00,258.8769073873
2018-01-04 00:00:00+00:00,259.9680438328
2018-01-05 00:00:00+00:00,261.7004622244
2018-01-08 00:00:00+00:00,262.1790308409
2018-01-09 00:00:00+00:00,262.7724559253
2018-01-10 00:00:00+00:00,262.3704582874
2018-01-11 00:00:00+00:00,264.28473275330003
2018-01-12 00:00:00+00:00,266.0075797725
2018-01-16 00:00:00+00:00,265.0982994013
2018-01-17 00:00:00+00:00,267.6251416962
2018-01-18 00:00:00+00:00,267.17528719669997
2018-01-19 00:00:00+00:00,268.3908514825
2018-01-22 00:00:00+00:00,270.5731243736
2018-01-23 00:00:00+00:00,271.14740671330003
2018-01-24 00:00:00+00:00,271.0421216177
2018-01-25 00:00:00+00:00,271.15697808560003
2018-01-26 00:00:00+00:00,274.29638820959997
2018-01-29 00:00:00+00:00,272.4778274671
2018-01-30 00:00:00+00:00,269.6829867469
2018-01-31 00:00:00+00:00,269.8169859595
2018-02-01 00:00:00+00:00,269.510702045
2018-02-02 00:00:00+00:00,263.6434508072
2018-02-05 00:00:00+00:00,252.617229884
2018-02-06 00:00:00+00:00,257.5943434952
2018-02-07 00:00:00+00:00,256.1969231351
2018-02-08 00:00:00+00:00,246.5872653166
2018-02-09 00:00:00+00:00,250.291386408
2018-02-12 00:00:00+00:00,253.96679338240003
2018-02-13 00:00:00+00:00,254.59850395619998
2018-02-14 00:00:00+00:00,258.0346266223
2018-02-15 00:00:00+00:00,261.3271787036
2018-02-16 00:00:00+00:00,261.4037496822
2018-02-20 00:00:00+00:00,259.7670450139
2018-02-21 00:00:00+00:00,258.4749097495
2018-02-22 00:00:00+00:00,258.809907781
2018-02-23 00:00:00+00:00,262.9351692549
2018-02-26 00:00:00+00:00,265.98843702790003
2018-02-27 00:00:00+00:00,262.6671708297
2018-02-28 00:00:00+00:00,260.0063293221
2018-03-01 00:00:00+00:00,256.2256372521
2018-03-02 00:00:00+00:00,257.54648663349997
2018-03-05 00:00:00+00:00,260.5231834279
2018-03-06 00:00:00+00:00,261.18360811860003
2018-03-07 00:00:00+00:00,261.0878943953
2018-03-08 00:00:00+00:00,262.35131554279997
2018-03-09 00:00:00+00:00,266.9168601438
2018-03-12 00:00:00+00:00,266.5818621123
2018-03-13 00:00:00+00:00,264.859015093
2018-03-14 00:00:00+00:00,263.4998802223
2018-03-15 00:00:00+00:00,263.2127390524
2018-03-16 00:00:00+00:00,263.4967982404
2018-03-19 00:00:00+00:00,259.9316154487
2018-03-20 00:00:00+00:00,260.3736596763
2018-03-21 00:00:00+00:00,259.873957506
2018-03-22 00:00:00+00:00,253.3778292927
2018-03-23 00:00:00+00:00,247.977201991
2018-03-26 00:00:00+00:00,254.76161991799998
2018-03-27 00:00:00+00:00,250.4276645567
2018-03-28 00:00:00+00:00,249.6877209584
2018-03-29 00:00:00+00:00,252.87812712240003
2018-04-02 00:00:00+00:00,247.419841878
2018-04-03 00:00:00+00:00,250.5910287278
2018-04-04 00:00:00+00:00,253.2721230643
2018-04-05 00:00:00+00:00,255.27093174540002
2018-04-06 00:00:00+00:00,249.58201473009998
2018-04-09 00:00:00+00:00,250.81205084150002
2018-04-10 00:00:00+00:00,254.80005854650003
2018-04-11 00:00:00+00:00,253.46431620669998
2018-04-12 00:00:00+00:00,255.5496118019
2018-04-13 00:00:00+00:00,254.80005854650003
2018-04-16 00:00:00+00:00,256.89496379869996
2018-04-17 00:00:00+00:00,259.6433257351
2018-04-18 00:00:00+00:00,259.8355188775
2018-04-19 00:00:00+00:00,258.3940703095
2018-04-20 00:00:00+00:00,256.203068486
2018-04-23 00:00:00+00:00,256.1646298576
2018-04-24 00:00:00+00:00,252.7147629514
2018-04-25 00:00:00+00:00,253.33939066419998
2018-04-26 00:00:00+00:00,255.9147787724
2018-04-27 00:00:00+00:00,256.15502020040003
2018-04-30 00:00:00+00:00,254.18504049080002
2018-05-01 00:00:00+00:00,254.6366943754
2018-05-02 00:00:00+00:00,252.926175408
2018-05-03 00:00:00+00:00,252.368815295
2018-05-04 00:00:00+00:00,255.6360987159
2018-05-07 00:00:00+00:00,256.5009678568
2018-05-08 00:00:00+00:00,256.5009678568
2018-05-09 00:00:00+00:00,258.9802593938
2018-05-10 00:00:00+00:00,261.4018929882
2018-05-11 00:00:00+00:00,262.19949452919997
2018-05-14 00:00:00+00:00,262.3244200717
2018-05-15 00:00:00+00:00,260.5178045331
2018-05-16 00:00:00+00:00,261.6133054448
2018-05-17 00:00:00+00:00,261.392283331
2018-05-18 00:00:00+00:00,260.7388266469
2018-05-21 00:00:00+00:00,262.6991966994
2018-05-22 00:00:00+00:00,261.9688627583
2018-05-23 00:00:00+00:00,262.6895870423
2018-05-24 00:00:00+00:00,262.1514462436
2018-05-25 00:00:00+00:00,261.5268185307
2018-05-29 00:00:00+00:00,258.5189958521
2018-05-30 00:00:00+00:00,261.9688627583
2018-05-31 00:00:00+00:00,260.36405001919996
2018-06-01 00:00:00+00:00,262.9202188132
2018-06-04 00:00:00+00:00,264.16947423880003
2018-06-05 00:00:00+00:00,264.3616673812
2018-06-06 00:00:00+00:00,266.5718885189
2018-06-07 00:00:00+00:00,266.54305954759997
2018-06-08 00:00:00+00:00,267.3310514314
2018-06-11 00:00:00+00:00,267.6866087449
2018-06-12 00:00:00+00:00,268.0325564012
2018-06-13 00:00:00+00:00,267.1772969175
2018-06-14 00:00:00+00:00,267.8499729159
2018-06-15 00:00:00+00:00,267.5094066676
2018-06-18 00:00:00+00:00,266.9591942698
2018-06-19 00:00:00+00:00,265.9359922669
2018-06-20 00:00:00+00:00,266.3896761738
2018-06-21 00:00:00+00:00,264.7197332823
2018-06-22 00:00:00+00:00,265.2023757365
2018-06-25 00:00:00+00:00,261.592210179
2018-06-26 00:00:00+00:00,262.1713811241
2018-06-27 00:00:00+00:00,259.9994900802
2018-06-28 00:00:00+00:00,261.4860288391
2018-06-29 00:00:00+00:00,261.86248995340003
2018-07-02 00:00:00+00:00,262.4223552003
2018-07-03 00:00:00+00:00,261.4956816882
2018-07-05 00:00:00+00:00,263.6289613358
2018-07-06 00:00:00+00:00,265.85876947419996
2018-07-09 00:00:00+00:00,268.2526760471
2018-07-10 00:00:00+00:00,269.2179609555
2018-07-11 00:00:00+00:00,267.2487797423
2018-07-12 00:00:00+00:00,269.6716448624
2018-07-13 00:00:00+00:00,269.88400754229997
2018-07-16 00:00:00+00:00,269.6426863152
2018-07-17 00:00:00+00:00,270.7334582617
2018-07-18 00:00:00+00:00,271.30297635759996
2018-07-19 00:00:00+00:00,270.2797743547
2018-07-20 00:00:00+00:00,269.970883184
2018-07-23 00:00:00+00:00,270.4728313364
2018-07-24 00:00:00+00:00,271.8338830573
2018-07-25 00:00:00+00:00,274.1505668374
2018-07-26 00:00:00+00:00,273.5038259488
2018-07-27 00:00:00+00:00,271.6504789247
2018-07-30 00:00:00+00:00,270.2315101093
2018-07-31 00:00:00+00:00,271.56360328290003
2018-08-01 00:00:00+00:00,271.109919376
2018-08-02 00:00:00+00:00,272.58680528580004
2018-08-03 00:00:00+00:00,273.754800025
2018-08-06 00:00:00+00:00,274.7586963297
2018-08-07 00:00:00+00:00,275.6660641436
2018-08-08 00:00:00+00:00,275.5502299546
2018-08-09 00:00:00+00:00,275.1737688404
2018-08-10 00:00:00+00:00,273.3300746653
2018-08-13 00:00:00+00:00,272.3068726624
2018-08-14 00:00:00+00:00,274.0443854975
2018-08-15 00:00:00+00:00,271.9979814917
2018-08-16 00:00:00+00:00,274.1988310829
2018-08-17 00:00:00+00:00,275.16411599130004
2018-08-20 00:00:00+00:00,275.75293978540003
2018-08-21 00:00:00+00:00,276.399680674
2018-08-22 00:00:00+00:00,276.2355822396
2018-08-23 00:00:00+00:00,275.86877397439997
2018-08-24 00:00:00+00:00,277.5290640169
2018-08-27 00:00:00+00:00,279.72026075900004
2018-08-28 00:00:00+00:00,279.8554006461
2018-08-29 00:00:00+00:00,281.3612451033
2018-08-30 00:00:00+00:00,280.2222089113
2018-08-31 00:00:00+00:00,280.2318617604
2018-09-04 00:00:00+00:00,279.74921930619996
2018-09-05 00:00:00+00:00,278.9962970777
2018-09-06 00:00:00+00:00,278.1564992073
2018-09-07 00:00:00+00:00,277.6159396586
2018-09-10 00:00:00+00:00,278.0985821128
2018-09-11 00:00:00+00:00,279.0156027758
2018-09-12 00:00:00+00:00,279.0831727194
2018-09-13 00:00:00+00:00,280.7338099128
2018-09-14 00:00:00+00:00,280.7820741582
2018-09-17 00:00:00+00:00,279.2955353993
2018-09-18 00:00:00+00:00,280.8110327055
2018-09-19 00:00:00+00:00,281.1102710271
2018-09-20 00:00:00+00:00,283.3883434109
2018-09-21 00:00:00+00:00,283.1302262264
2018-09-24 00:00:00+00:00,282.18965867459997
2018-09-25 00:00:00+00:00,281.9278512118
2018-09-26 00:00:00+00:00,281.084249387
2018-09-27 00:00:00+00:00,281.8696717756
2018-09-28 00:00:00+00:00,281.89876149369996
2018-10-01 00:00:00+00:00,282.8781153362
2018-10-02 00:00:00+00:00,282.7132736004
2018-10-03 00:00:00+00:00,282.86841876349996
2018-10-04 00:00:00+00:00,280.6576001883
2018-10-05 00:00:00+00:00,279.0867554111
2018-10-08 00:00:00+00:00,279.0867554111
2018-10-09 00:00:00+00:00,278.6794993578
2018-10-10 00:00:00+00:00,269.855618202
2018-10-11 00:00:00+00:00,263.91161913779996
2018-10-12 00:00:00+00:00,267.57692361790004
2018-10-15 00:00:00+00:00,266.0739548496
2018-10-16 00:00:00+00:00,271.8918984687
2018-10-17 00:00:00+00:00,271.9403813322
2018-10-18 00:00:00+00:00,268.0132693893
2018-10-19 00:00:00+00:00,267.8678207988
2018-10-22 00:00:00+00:00,266.66544578419996
2018-10-23 00:00:00+00:00,265.3079256064
2018-10-24 00:00:00+00:00,257.2694668392
2018-10-25 00:00:00+00:00,261.8850354438
2018-10-26 00:00:00+00:00,257.27916341189996
2018-10-29 00:00:00+00:00,255.85376722529998
2018-10-30 00:00:00+00:00,259.6451271504
2018-10-31 00:00:00+00:00,262.4183469422
2018-11-01 00:00:00+00:00,265.2109598794
2018-11-02 00:00:00+00:00,263.6401151022
2018-11-05 00:00:00+00:00,265.094601007
2018-11-06 00:00:00+00:00,266.7721080839
2018-11-07 00:00:00+00:00,272.4833894033
2018-11-08 00:00:00+00:00,271.9888641957
2018-11-09 00:00:00+00:00,269.3320032763
2018-11-12 00:00:00+00:00,264.2994820457
2018-11-13 00:00:00+00:00,263.8049568381
2018-11-14 00:00:00+00:00,262.0013943162
2018-11-15 00:00:00+00:00,264.7358278172
2018-11-16 00:00:00+00:00,265.4242844788
2018-11-19 00:00:00+00:00,260.9347713193
2018-11-20 00:00:00+00:00,256.1058781154
2018-11-21 00:00:00+00:00,256.97856965830005
2018-11-23 00:00:00+00:00,255.26227629060003
2018-11-26 00:00:00+00:00,259.3833196875
2018-11-27 00:00:00+00:00,260.2560112304
2018-11-28 00:00:00+00:00,266.2484931581
2018-11-29 00:00:00+00:00,265.66669879619997
2018-11-30 00:00:00+00:00,267.2860264369
2018-12-03 00:00:00+00:00,270.8252754719
2018-12-04 00:00:00+00:00,262.0498771797
2018-12-06 00:00:00+00:00,261.65231769900004
2018-12-07 00:00:00+00:00,255.572566617
2018-12-10 00:00:00+00:00,256.0573952519
2018-12-11 00:00:00+00:00,256.1155746881
2018-12-12 00:00:00+00:00,257.405218857
2018-12-13 00:00:00+00:00,257.3179497027
2018-12-14 00:00:00+00:00,252.56662908040002
2018-12-17 00:00:00+00:00,247.6116804314
2018-12-18 00:00:00+00:00,247.3401763959
2018-12-19 00:00:00+00:00,243.636085625
2018-12-20 00:00:00+00:00,239.6701873913
2018-12-21 00:00:00+00:00,234.7883509005
2018-12-24 00:00:00+00:00,228.5845540092
2018-12-26 00:00:00+00:00,240.1337608005
2018-12-27 00:00:00+00:00,241.97734195209998
2018-12-28 00:00:00+00:00,241.665201228
2018-12-31 00:00:00+00:00,243.78190551330002
